app_name,number,aosv,label
cn.andouya_4.0.0209_366,66,65.54709,benign
cn.eclicks.drivingtest_7.1.8_215,42,41.4937955,benign
cn.etouch.ecalendar_7.1.8_748,47,46.3809095,benign
cn.niucoo.niucooapp_3.1.s_49,23,22.64346798,benign
com.alex.lookwifipassword_3.1.9.1_54,14,13.79964619,benign
com.anzogame.lol_5.2.6_502006,34,33.5700456,benign
com.baidu.baidutranslate_7.8.0_84,29,28.62406078,benign
com.baidu.browser.apps_7.18.20.0_255,38,37.36663011,benign
com.baidu.input_8.1.0.7_180,28,27.5895113,benign
com.baidu.searchbox_10.9.0.11_44303744,41,40.48846863,benign
com.balance6game.housingfund_7.3.0.0702_125,45,44.45140921,benign
com.beastudio.sflashlight_10.4_104,22,21.71965808,benign
com.bs.finance_v2.3.4_234,24,23.67556005,benign
com.cainiao.wireless_4.7.3_108,43,42.47856246,benign
com.cleanmaster.security_cn_4.3.2.1010_40321010,75,74.40911471,benign
com.coohuaclient_5.3.4.0_534000,53,52.49073934,benign
com.cootek.smartinputv5_6.5.2.1_6557,16,15.61368643,benign
com.devuni.flashlight_10.8.3_20180627,13,12.8556029,benign
com.dewmobile.kuaiya_5.5.8(CN)_255,34,33.4169148,benign
com.duowan.groundhog.mctools_2.9.2_2507,41,40.36856431,benign
com.estrongs.android.pop_4.1.7.2_641,20,19.46542199,benign
com.huawei.wallet_8.1.2.301_801023010,36,35.23107378,benign
com.ibox.calculators_2.9.3_1293,39,38.37737659,benign
com.iflytek.cmcc_6.0.3720_3720,46,45.3604166,benign
com.iflytek.inputmethod_8.1.7070_7070,88,87.63916919,benign
com.ijinshan.browser_fast_4.72.3_472003,41,40.30389435,benign
com.julanling.app_5.6.40_5640,77,76.61706361,benign
com.lenovo.anyshare_3.9.38_4030938,25,24.5625926,benign
com.lion.market_3.6.9_2018052112,47,46.46254796,benign
com.mydream.wifi_5.3.0_530,36,35.49473789,benign
com.shuame.rootgenius_2.2.87_87,22,21.39145737,benign
com.snda.wifilocating_4.2.91_3211,37,36.37268273,benign
com.sogou.activity.src_6.3.5.0_6350,33,32.55589844,benign
com.sohu.inputmethod.sogou_8.21_840,26,25.60243875,benign
com.syezon.wifi_3.6.7_250,46,45.58288687,benign
com.tencent.mtt_8.6.0.4250_8604250,33,32.4371195,benign
com.tencent.qqpinyin_5.19.1_2475,12,11.82399037,benign
com.tencent.qt.sns_2.20.3_1099,31,30.56043324,benign
com.tencent.unipay_2.6.6e_55,21,20.70420711,benign
com.tencent.wifimanager_3.5.3_101,68,67.02979789,benign
com.UCMobile_12.0.4.984_984,46,45.62781562,benign
com.vlocker.locker_4.1.18_429,45,44.48211475,benign
com.winbaoxian.wybx_3.11.0_42,24,23.6780342,benign
com.xiangrikui.sixapp_4.6.0_8602,39,38.49449249,benign
com.xingluo.mpa_3.5.1_29,20,19.76891545,benign
com.xinmei365.font_5.3.3.4_384,25,24.72256374,benign
com.xunlei.downloadprovider_5.61.2.5540_11110,46,45.32844058,benign
com.youan.universal_4.2.1_421,51,50.5112182,benign
com.youloft.calendar_4.8.3_124,44,43.33204478,benign
hh.root_2.8.3_10003,20,19.59492256,benign
cn.amazon.mShop.android_16.12.0.600_1241142010,19,18.58326144,benign
cn.j.guang_4.5.1_451,30,29.53163265,benign
com.alfl.www_4.1.8_30000418,53,52.66074624,benign
com.culiu.qqpurchase_3.23_136,32,31.54614729,benign
com.culiukeji.huanletao_3.23_136,32,31.54614729,benign
com.dangdang.buy2_8.6.2_159,33,32.49760511,benign
com.fanli.android.apps_6.9.0_609000046,41,40.45934535,benign
com.fenqile.fenqile_4.11.1_67,40,39.47810376,benign
com.gome.eshopnew_5.3.1_120,40,39.47877226,benign
com.husor.beibei_7.11.02_532,35,34.6042315,benign
com.husor.mizhe_6.1.1_110,27,26.67138144,benign
com.jm.android.jumei_6.303_6303,44,43.44950358,benign
com.juanpi.ui_4.8.7_110,70,69.66813198,benign
com.kidswant.ss_7.20.2_61,37,36.52438749,benign
com.koudai.weidian.buyer_5.1.9_51900,36,35.4955852,benign
com.koudai.weishop_8.7.8_8780,37,36.49922495,benign
com.leixun.taofen8_10.08_5525,38,37.43147044,benign
com.meiyou.youzijie_2.5.2_38,31,30.51957268,benign
com.suning.mobile.ebuy_6.2.7_236,44,43.41936767,benign
com.taobao.apad_2.6.5_34,40,39.64258491,benign
com.taobao.idlefish_6.1.5_135,44,43.36821218,benign
com.taobao.ju.android_6.0.2_486,36,35.34476124,benign
com.thestore.main_6.0.0_600,36,35.53997485,benign
com.tmall.wireless_7.9.0_1815,59,58.25334158,benign
com.tuan800.tao800_4.40.0_44007,36,35.55558027,benign
com.vmall.client_1.6.10.0_330,26,25.49076081,benign
com.watsons.mobile_3.6.0_46,28,27.56892338,benign
com.xiaomi.o2o_6.0.770_770,40,39.33208963,benign
com.xiaomi.shop_4.2.18.0522.r2_20180522,48,47.28757747,benign
com.xingjiabi.shengsheng_7.0.3.4_7034,34,33.51097933,benign
com.xiudang.jiukuaiyou.ui_4.8.9_129,70,69.66813198,benign
com.yek.lafaso_5.9.2_10059002,18,17.87093762,benign
com.yourdream.app.android_11.18.0_179,31,30.51901064,benign
jingdong,42,41.47018952,benign
meituan,40,39.27123241,benign
pinduoduo,31,30.50612668,benign
taobao,34,33.43545781,benign
vipshop_6.21.7_917,49,48.47736949,benign
cn.dxy.android.aspirin_7.4.0_20180702,24,23.6775774,benign
cn.funtalk.miao_4.7.1_5953,52,51.56582577,benign
com.bbt.ask_7.3.0_730,33,32.63329279,benign
com.beibo.yuerbao_4.5.01_127,45,44.78976712,benign
com.bozhong.crazy_6.13.2_18070301,43,42.41083515,benign
com.byb.patient_5.1.0_510,31,30.55864454,benign
com.ddoctor.user_3.0.12_73,25,24.70284597,benign
com.dnurse_3.7.5_79,39,38.47526168,benign
com.dsi.ant.plugins.antplus_3.7.0_30700,8,7.938731925,benign
com.edooon.gps_3.0.5_64,32,31.48609086,benign
com.eku.client_4.18.1_41801,31,30.58316258,benign
com.fittimellc.fittime_3.2.9.7_104,21,20.73376452,benign
com.gdhbgh.activity_4.1.2_41200,24,23.67670806,benign
com.het.sleep.dolphin_1.1.9_47,40,39.37005851,benign
com.hotbody.fitzero_5.9.0_87,35,34.45473168,benign
com.huawei.bone_21.0.0.395_210000395,33,32.44878464,benign
com.huofar_7.0.8_65,37,36.43628376,benign
com.ishou.app_3.8.1_76,18,17.81969415,benign
com.iss.kunlunjue_9.5.6_157,69,68.73596613,benign
com.jzt.kingpharmacist_3.3.5_335,37,36.55650706,benign
com.kufeng.hj.enjoy_3.3.5_88,27,26.64121563,benign
com.medapp_3.18.0517.1_83,22,21.69886061,benign
com.MusclesExercises.kevin_2.2.7_25,13,12.79093421,benign
com.omesoft.hypnotherapist_5.0.5_502,29,28.58174303,benign
com.qisheng.daoyi.activity_6.0.5_50,40,39.5544153,benign
com.qtjianshen.Main_4.6.3_180115,13,12.87030958,benign
com.runtastic.android.pro2_7.2.1_201704281,19,18.55461352,benign
com.secretlisa.sleep_1.1.1_5,16,15.84480195,benign
com.sxjs.psychology_2.5.0_12,27,26.52148168,benign
com.sz.order_5.3.4_66,29,28.56020121,benign
com.taikang.tkdoctor_4.9.1_491,26,25.68362585,benign
com.wakeyoga.wakeyoga_6.5.5_215,47,46.60132236,benign
com.yidian.health_4.1.0.0_41000,47,46.64256675,benign
com.yihu.medical_6.2.3_108,31,30.66061086,benign
com.zitengfang.patient_5.2.6_59,25,24.61248825,benign
com.zk120.aportal_5.9.1_509012,31,30.51365834,benign
gz.lifesense.weidong_3.6_875,54,53.47918238,benign
me.chunyu.ChunyuDoctorHD_8.4.6_80406,37,36.42628677,benign
net.Pandamen.BeautySPA_4.1.6_82,35,34.49090993,benign
chengqiang.celever2005.English8900_180_80,27,26.60244635,benign
cn.dict.android.pro_5.6.5_85,18,17.73250354,benign
cn.edu.zjicm.wordsnet_d_V4.8.10_383,23,22.62665742,benign
com.acadsoc.learn_5.4.3_101,35,34.50374961,benign
com.baidu.homework_10.8.0_488,72,71.5956634,benign
com.cnvcs.gomoku_1.5.1_151,8,7.84931008,benign
com.dasheng.talk_4.6.0_59,32,31.57885994,benign
com.duia.cet4_5.2.4_59,32,31.62319258,benign
com.duia.duiba.teacherCard_3.5.6_13,31,30.61238033,benign
com.duia.duiba_5.0.2_112,31,30.64314752,benign
com.duia.jsssx_2.6.3_263,33,32.69185568,benign
com.handsgo.jiakao.android.kehuo_7.3.10_500070310,41,40.42801095,benign
com.handsgo.jiakao.android_7.1.0_500070100,39,38.467657,benign
com.haojiazhang.activity_5.5.5_182,22,21.70199681,benign
com.iflytek.elpmobile.smartlearning_1.8.1523_1523,31,30.64592013,benign
com.ishowedu.child.peiyin_V4.3.1_1074,42,41.5697181,benign
com.jinxin.namibox_4.5_14092,36,35.53894171,benign
com.jzzs.ParentsHelper_1.2.6_1002006,34,33.63159489,benign
com.kk.poem_2.7.8_486,32,31.56138669,benign
com.lft.turn_5.3.5_666,51,50.67133148,benign
com.messi.languagehelper_4.5.1_41,20,19.59495501,benign
com.onesoft.app.Tiiku.Duia.KJZC_4.6.1_461,33,32.69185568,benign
com.runbey.ybjk_7.3.3_203,30,29.57762223,benign
com.sinyee.babybus.number_9.24.40.02_9244002,8,7.822969977,benign
com.tencent.edu_3.18.2.189_172,30,29.53091398,benign
com.tsingzone.questionbank_5.4_45,26,25.65466476,benign
com.v.zy_3.25.1_32501,37,36.45904856,benign
com.xdf.recite_2.6.4_107,35,34.49938,benign
com.xianqing.driving3d_5.1.3_513,30,29.97999939,benign
com.yixinjiang.goodbaba.app.presentation.pep_4.9.0_47,33,32.56156431,benign
com.zxyy.app.edu_2.0.3_4,15,14.84385257,benign
hugh.android.app.zidian_5.12.22_1708,9,8.895079381,benign
sr.daiv.alls.ko_2.1.3_88,9,8.858678831,benign
cn.com.weshare.android.shandiandai_1.1.2_16843264,27,26.73789927,benign
cn.com.weshare.jiekuan_2.5.9.0_33884416,57,56.74937238,benign
com.android.haitong_5.15_91,38,37.48138935,benign
com.chinamworld.bocmbci_5.0.3_91,65,64.66359903,benign
com.duorong.xianjingdai_2.3.9_23,41,40.51481565,benign
com.haodai.flashloanhdk_3.1.3_32,47,46.47862131,benign
com.huicai.licai_3.0.1_301,24,23.65150454,benign
com.hyron.b2b2p_5.13.0_330,49,48.65967168,benign
com.jinlianchu.app_3.24_324,40,39.6441713,benign
com.netease.caipiao_4.31.1_4311,24,23.61574385,benign
com.pme91.guoxin.app.android_1.5.4_1540,32,31.62490866,benign
com.pmp.ppmoney_8.2.6_8260,28,27.62185152,benign
com.souyidai.investment.android_3.3.1_117,21,20.6767961,benign
com.tenpay.android_2.5.1_40,12,11.84955427,benign
com.vodone.caibo_7.1_136,33,32.55648523,benign
com.wacai365_11.36.0_291,29,28.58746095,benign
com.yongqianbao.credit_4.4_1806201738,37,36.47329889,benign
com.yuecai.mochouhua_3.41_25,35,34.57537596,benign
com.zhongcai500_3.3.2_40303200,30,29.56254012,benign
cn.lieche.main_7.1.0_73,9,8.866675976,benign
cn.mxtrip.ontheroad_3.3.0_141,38,37.48538743,benign
com.Autoyol.auto_5.2.1_79,30,29.66358803,benign
com.booking_15.4.5.1_8439,16,15.51742967,benign
com.chebada_4.0.0_41,31,30.58675394,benign
com.ckditu.map_2.4.2_2420,32,31.50171393,benign
com.dp.android.elong_9.42.1_9421,49,48.42638611,benign
com.flightmanager.view_7.1_149,34,33.57030037,benign
com.gift.android_8.1.0_103,40,39.58133181,benign
com.gtgj.view_6.2.4_140,31,30.5273145,benign
com.kuxun.scliang.plane_6.1_601000,17,16.66520267,benign
com.mayi.android.shortrent_6.5.1_99,51,50.42028063,benign
com.meituan.tower_1.7_170,34,33.37393102,benign
com.mfw.roadbook_8.6.0_620,29,28.60006183,benign
com.openet.hotel.view_6.5.0_161,15,14.8479505,benign
com.plateno.botaoota_2.8.3_37,44,43.43811721,benign
com.Qunar_8.8.2_169,32,31.45678483,benign
com.rytong.airchina_5.7.2_50720,40,39.45604575,benign
com.sy.traveling_1.2.3_23,31,30.71408328,benign
com.t20000.lvji_3.3.8_124,36,35.50928602,benign
com.taobao.trip_8.6.7.103_8100070,52,51.2891609,benign
com.tieyou.train.ark_7.3.1_706001,37,36.45164621,benign
com.tongcheng.android_9.0.0_169,39,38.54627415,benign
com.topview.slidemenuframe_4.4.8_83,36,35.55411021,benign
com.tts.hybird_5.2.2_252,31,30.40739987,benign
com.tuniu.app.ui_9.42.0_138,38,37.36866265,benign
com.umetrip.android.msky.app_4.7.3_163,33,32.58163844,benign
com.woyaou_6.0_63,40,39.50851158,benign
com.xiaozhu.xzdz_4.12.2_69,27,26.64031814,benign
com.xisue.zhoumo_6.1.0_115,31,30.57477847,benign
com.xuanqi.he.pcegg_1.6.1_41,9,8.866187961,benign
com.yipiao_5.1.0_706003,37,36.45164621,benign
com.yongche.android_8.3.4_156,30,29.57016727,benign
ctrip.android.view_7.13.2_179,32,31.49408739,benign
org.traintickets.act_5.3.2_137,53,52.81552155,benign
so.ofo.labofo_3.4.0_16471,35,34.44510334,benign
vz.com_4.3.0_100,42,41.51283478,benign
cn.shuangshuangfei_5.7.1_94,37,36.46825322,benign
com.alibaba.mobileim_4.5.7_4570,33,32.52260427,benign
com.android.cooperation_7.01.038.20150305_2015030501,79,78.23406345,benign
com.baidu.tieba_9.6.8.1_151388161,72,71.44003165,benign
com.blackbean.cnmeach_V6.8.2_274,88,86.93074386,benign
com.c2vl.kgamebox_2.3.9.1_2391,27,26.64715583,benign
com.clou.sns.android.anywhered_5.9.5_59500,32,31.67948206,benign
com.duowan.lolbox_4.3.6_436,43,42.35582612,benign
com.duowan.makefriends_7.1.3_5838,29,28.46849597,benign
com.google.android.play.games_5.9.04(197933061.197933061-000408)_59040048,6,5.238595935,benign
com.huizheng.fjyh_5.5.6_91,35,34.55888701,benign
com.huizheng.nvjy_5.5.6_91,35,34.55888701,benign
com.ifreetalk.ftalk_6.5.003_10605003,41,40.46206473,benign
com.immomo.momo_8.8.4_2179,31,30.59745329,benign
com.laoyuegou.android_2.7.1_100,38,37.44714551,benign
com.longzhu.tga_4.8.2_2018062020,34,33.51930951,benign
com.m4399.gamecenter_4.2.0.39_1289,28,27.52287637,benign
com.melot.meshow_5.8.8_129,33,32.55352774,benign
com.p1.mobile.putong_3.0.7.1_192,29,28.48102651,benign
com.psd_5.7.91_177,37,36.55685441,benign
com.qianshoulian.app_4.7.0_470,13,12.77320073,benign
com.qihoo.magic_2.6.1_2056,169,167.2283895,benign
com.qiulianai.main_2.3.2_42,51,50.66948404,benign
com.qzone_7.9.2.288_111,43,42.51900893,benign
com.sdbean.werewolf_3.11_52,26,25.64611803,benign
com.sina.weibog3_8.4.1_3601,49,48.35606168,benign
com.tencent.gamehelper.smoba_2.34.2.4_2018060401,39,38.48913745,benign
com.tencent.mm_6.6.7_1321,38,37.32234154,benign
com.tencent.mobileqq_7.6.8_872,60,59.33952801,benign
com.tencent.now_1.30.0.33_1151,34,33.54405529,benign
com.tencent.qqlite_3.7.0_184,54,53.45760036,benign
com.tencent.WBlog_6.1.2_612,22,21.71063049,benign
com.tencent.weishi_4.4.1.88_441,27,26.51793086,benign
com.wodi.who_8.9.5_160162,24,23.60470693,benign
com.xiaoenai.app_6.7.8.2_6050,32,31.52367819,benign
com.xiaomi.channel_8.3.0_803000,38,37.23991098,benign
com.yiyou.ga_3.3.0-13479_13479,37,36.50278463,benign
com.ylmf.androidclient_8.0.3_1061,21,20.62524347,benign
com.yunlian.wewe_4.5.2_100,38,37.41311093,benign
com.yx_7.4.5_4652,37,36.42893489,benign
com.yyk.knowchat_4.8.2_482,25,24.68872661,benign
com.zhaopin.highpin_4.0_400,25,24.62589024,benign
com.zhihu.android_5.20.2_747,24,23.71516478,benign
im.yixin_6.7.1_270,37,36.47362692,benign
os.xiehou360.im.mei_6.1.3_613,29,28.69313771,benign
cn.eclicks.wzsearch_7.0.6_216,41,40.44405684,benign
cn.mama.activity_8.4.1_70,29,28.63460321,benign
com.anjuke.android.app_12.0.2_321859,35,34.48713945,benign
com.baidu.iknow_8.1.3_548,31,30.6144341,benign
com.baidu.lbs.waimai_5.1.0_136,42,41.67531833,benign
com.baidu.mbaby_6.5.0_238,42,41.41368589,benign
com.corp21cn.flowpay_5.1.1_101,26,25.55196803,benign
com.cubic.autohome_9.2.5_925,66,65.4936343,benign
com.daikuan.yxquoteprice_1.3.1_13,27,26.59020137,benign
com.dianping.v1_10.2.14_100211,49,48.2416904,benign
com.douguo.recipe_6.9.17.2_441,33,32.57069986,benign
com.duitang.main_6.17.1_121,34,33.59384273,benign
com.ganji.android.haoche_c_4.4.1.0_4410,40,39.46722826,benign
com.ganji.android_8.8.0_730,45,44.38168485,benign
com.gewara_9.3.5_84,35,34.49219498,benign
com.greenpoint.android.mc10086.activity_4.7.0_49,53,52.31128833,benign
com.haodou.recipe_6.1.57_144,31,30.53626709,benign
com.icoolme.android.weather_4.02.003.20180625_2018062500,46,45.22858181,benign
com.jifen.qukan_3.0.11.000.0703.1925_30011000,46,45.44739041,benign
com.job.android_8.3.3_833,33,32.5783965,benign
com.mango.doubleball_6.4.6_20180524,27,26.61757228,benign
com.meilishuo_9.5.1.2025_175,41,40.36009778,benign
com.mobike.mobikeapp_7.8.1_1921,35,34.58191458,benign
com.MobileTicket_3.0.1.01221000_170,17,16.50210992,benign
com.moji.mjweather_7.0502.02_7050202,30,29.48217979,benign
com.nuomi_8.3.2_355,42,41.4558202,benign
com.quanleimu.activity_9.5.3_90503253,28,27.66824196,benign
com.sankuai.meituan.takeoutnew_6.7.6_60706,34,33.42326967,benign
com.sankuai.movie_8.3.8_8381,32,31.47751006,benign
com.sdu.didi.psnger_5.2.10_394,39,38.42969185,benign
com.sinovatech.unicom.ui_5.9_65,43,42.43213985,benign
com.soufun.app_8.6.5_145,29,28.54768812,benign
com.sskj.flashlight_6.1.1_6110,31,30.57983898,benign
com.tianci.xueshengzhuan_9.36_920,43,42.44564997,benign
com.to8to.housekeeper_5.8.2_75,32,31.57656478,benign
com.tripadvisor.tripadvisor.daodao_26.4.1_180521011,25,24.61262125,benign
com.ubercab_4.184.10003_34978,23,22.64151205,benign
com.ucar.app_7.1.2_91,30,29.39965262,benign
com.uxin.usedcar_9.7.1_648,40,39.52494821,benign
com.when.coco_7.0_1050,64,63.67508504,benign
com.wjkj.loosrun_3.6.3_76,52,51.67415271,benign
com.wochacha_9.5.5_9550,32,31.52480784,benign
com.wuba.zhuanzhuan_5.1.3_5001003,36,35.4869314,benign
com.wuba_8.6.5_80605,47,46.41669657,benign
com.xiwei.logistics_6.2.0.2_6020002,65,64.26604043,benign
com.xwtec.sd.mobileclient_4.0.2_70,48,47.43286857,benign
com.zdworks.android.zdclock_4.9.612_612,38,37.59381921,benign
com.zhaopin.social_7.9.0_790,40,39.58832299,benign
me.mizhuan_4.22_4220,27,26.44188818,benign
air.tv.douyu.android_4.5.0_10450003,45,44.27904375,benign
com.adobe.flashplayer_11.1.115.81_111115081,1,1.030337132,benign
com.baidu.video_8.4.4_1080404202,68,67.46341195,benign
com.cinema2345_6.1_175,37,36.52241674,benign
com.duowan.kiwi_5.12.5_17640,40,39.46956724,benign
com.duowan.mobile_7.8.2_62739,47,46.3549288,benign
com.huajiao_6.3.1.1017_6311017,47,46.33030308,benign
com.kandian.vodapp_10.0.2_292,18,17.75763278,benign
com.kascend.chushou_5.0.4_69,30,29.55384858,benign
com.le123.ysdq_2.6.7_1011,50,49.4048953,benign
com.letv.android.client_7.16_260,45,44.42938516,benign
com.meelive.ingkee_6.1.00_1380,34,33.52714462,benign
com.panda.videoliveplatform_4.0.9.7120_7120,40,39.68620898,benign
com.pplive.androidphone_7.3.3_244,40,39.49246842,benign
com.qihoo.video_4.4.8_149,55,54.21117448,benign
com.qiyi.video_9.6.5_81100,32,31.54626788,benign
com.sohu.sohuvideo_6.9.9_6990,35,34.47692992,benign
com.ss.android.ugc.live_4.2.0_420,28,27.62620919,benign
com.storm.smart_7.6.01_760100,72,71.39984659,benign
com.telecom.video_5.3.36.8_2105336008,27,26.68194643,benign
com.tencent.qgame_3.13.0.288_288,30,29.50034358,benign
com.tencent.qqlive_6.1.9.17051_17051,45,44.36346856,benign
com.tudou.android_6.21.2_10029,36,35.38739798,benign
com.xfplay.play_5.3.1_500310,22,21.51949766,benign
com.xunlei.kankan_5.3.4.96_366,36,35.52234529,benign
com.yixia.videoeditor_6.8.10_65257,28,27.55991155,benign
dopool.player_7.7.4_195,54,53.3489899,benign
org.fungo.fungolive_4.2.9_4290,47,46.3199451,benign
tv.danmaku.bili_5.28.0_5280000,24,23.49726468,benign
tv.pps.mobile_7.6.5_80900,32,31.54626788,benign
cn.com.wo_5.0.2_302,78,77.48687624,benign
com.ailiaoicall_7.0.6_706,38,37.5104654,benign
com.appstar.callrecorderpro_5.11_94,13,12.59300509,benign
com.bilin.huijiao.activity_5.1.5_31201444,41,40.47807755,benign
com.blovestorm_5.3.13_96,43,42.32094543,benign
com.call.incomeiphoneb_2.0_11,14,13.50984159,benign
com.cc_3.9.15_3090134,64,63.79469854,benign
com.chinamobile.contacts.im_5.6.5_95,62,61.24211221,benign
com.ciapc.tzd_4.0.3_2016051714,30,29.62824137,benign
com.cootek.smartdialer_6.6.7.1_6671,53,52.29720083,benign
com.ct.client_6.5.1_6510,28,27.57855762,benign
com.cungu.callrecorder.ui_5.8.4_584,42,41.4655426,benign
com.czm.yuhao_2.1.7_62058,13,12.70708981,benign
com.da.showincome_11.1_102,10,9.746141654,benign
com.dale.calling.speaker_1.4.7_1471271,18,17.68872589,benign
com.dft.hb.wififreephone_8.3.8.30_83830,42,41.47372236,benign
com.dianxinos.dxbb_3.4.2_5168,31,30.51367052,benign
com.dotalk_4.3.0_43000000,30,29.36649569,benign
com.feedov.skeypp70_5.2.2_14,25,24.58127776,benign
com.feiin.wldh_7.0.6_7006,81,79.92292291,benign
com.fourcall.wldh_4.9.5_4905,104,103.1019574,benign
com.fsmile.CallMe_0.0.0.1_1,13,12.76644724,benign
com.hc.sql_2.1.5.5_2155,38,37.42793535,benign
com.hellotext.hello_2.2.30_230,21,20.60030328,benign
com.hfx.bohaojingling_2.25_66,25,24.62176155,benign
com.hi.huluwa_V2.21_80,43,42.60237419,benign
com.holiestar.flashoncall_5.55.170920_55,17,16.68293749,benign
com.hongda.ccd_4.8.7.2_220,41,40.66664374,benign
com.huawei.fans_8.0.4.301_80040301,14,13.62942203,benign
com.huawei.pisa.activity_3.3.5_11,32,31.37575996,benign
com.huimao.bobo_5.0.6_257,32,31.72082673,benign
com.hww.income_2.1.2_21266,13,12.78154608,benign
com.imcaller_1.6.2.3_86,32,31.40929609,benign
com.immetalk.secretchat_5.1.4_133,28,27.64516249,benign
com.lenovo.videotalk.phone_1.0.5.8601150916_2015091644,19,18.7848329,benign
com.lezhi.mythcall_2.4.1_36,127,126.723785,benign
com.lncmcc.sjyyt_1.4.2_2016111803,36,35.47292582,benign
com.nd.sms_3.5.2_37,30,29.50124136,benign
com.ranfeng.callcheater_3.0.1_20140728,30,29.72249355,benign
com.savecall.ui_3.2.3_54,37,36.36508263,benign
com.sg.sledog_4.4.0.53181_53181,46,45.23510272,benign
com.sitech.ac_5.1.6_540,40,39.48416339,benign
com.snda.tt_2.6.1.0_2610,43,42.36005794,benign
com.sun.uucalldialer_V2.2.8Build_228,45,44.57809435,benign
com.szqd.dialer_2.3.8_238,34,33.46746897,benign
com.tencent.pb_4.5.0_5090,50,49.38525604,benign
com.tencent.qqpim_6.9.0_1680,54,53.19520034,benign
com.weihua.superphone_5.2.5_161,42,41.46434122,benign
com.windviewtech.leo.timermsg_3.1_24,10,9.690917261,benign
com.wondertek.ahPalm10000_3.1.0.0_95,70,69.55929632,benign
com.xtownmobile.NZHGD.GZ_4.0_257,28,27.47429033,benign
com.yy.huanju_4.2.8_386,24,23.70669346,benign
com.zlycare.docchat.c_6.1.1_87,49,48.53404998,benign
com.zyc.flowbox_3.6.7_367,25,24.78477002,benign
org.vv.festivalSMS_3.93_132,8,7.913454161,benign
ws.coverme.im_2.7.5_2007005,46,45.38518238,benign
cn.com.pconline.android.browser_5.2.6.0_5260,47,46.53196081,benign
cn.com.shouji.market_2.0.9.2_168,15,14.84804993,benign
cn.cri.chinaradio_3.5.2.1055_10789,32,31.50671003,benign
cn.edusign.chongqingunion_2.1.0.0_28,42,41.4095803,benign
cn.gmw.cloud_4.9.14_88,33,32.57812963,benign
cn.youth.news_1.2.7_19,27,26.5955236,benign
com.android36kr.app_7.5.1_18070310,31,30.56583603,benign
com.caijing_6.1.3.1_190,39,38.5180016,benign
com.changshuo.ui_4.3.4_787,43,42.44142904,benign
com.cmstop.zett_1.1.3_113,34,33.479889,benign
com.cplatform.surfdesktop_6.9.0.8_216,23,22.49076943,benign
com.dute.dutenews_3.0.5_305,34,33.479889,benign
com.fujian.daily_2.0.11_39,40,39.53585237,benign
com.google.android.apps.genie.geniewidget_3.3.5(163374013)_33502543,11,10.35092618,benign
com.haokanhaokan.news_4.3.0_430,23,22.5686464,benign
com.hhb.zqmf_3.34_334,49,48.62595363,benign
com.hoge.android.chinablue_7.1.0_710,27,26.5236415,benign
com.huanqiu.news_8.3.1_1048658,26,25.64120001,benign
com.hw.okm_5.4.1_541,39,38.53345719,benign
com.hzpd.xmwb_6.2.6_626,19,18.77528903,benign
com.jiemian.news_5.6.4_5640,32,31.46857789,benign
com.lanjinger.choiassociatedpress_6.8.3_54,28,27.65555833,benign
com.martian.hbnews_1.8.6_39,23,22.61997805,benign
com.miercnnew.app_2.6.6_20180604,64,63.816417,benign
com.nfdaily.nfplus_4.3.5_4350,52,51.6399983,benign
com.orientalsports.osportsapp_2.0.3_5,37,36.42697984,benign
com.pla.daily_2.3.3_180,27,26.6591141,benign
com.qdaily.ui_3.5.5_159,24,23.43664607,benign
com.qingyii.mammoth_4.0.2_52,53,52.77281454,benign
com.ruanmei.ithome_6.17_20006170,36,35.50343949,benign
com.shanbay.news_4.1.8701_418701,19,18.77595574,benign
com.shenyuan.militarynews_2.4.4_72,21,20.67500073,benign
com.sogou.toptennews_1.4.6.6175_6175,29,28.59324413,benign
com.sohu.infonews_2.7.17_357,30,29.5877648,benign
com.sstar.stockstarnews_1.1.7_9,11,10.83898014,benign
com.tencent.lightapp.Tencent_1.0.0.120_100120,25,24.45800568,benign
com.tiexue.mobile.topnews_2.1.1_2101,28,27.64356312,benign
com.timeweekly.timefinance_2.5.4_24,30,29.57698397,benign
com.tingwen_8.2_75,15,14.7827597,benign
com.uc.infoflow_3.7.0.370_245,29,28.56268498,benign
com.wdzj.app_7.4.0_482,34,33.55014714,benign
com.yd.wayward_3.3.1_7,13,12.82260774,benign
com.zhejiangdaily_5.2.0_50200,40,39.55919645,benign
com.zxterminal.activity.z6_3.66.0_60,20,19.65929299,benign
cool.score.android_4.2.0_224,33,32.49795825,benign
net.xinhuamm.mainclient_5.0.6_506,40,39.34592899,benign
news.cnr.cn_4.2.5_61,34,33.71394462,benign
cn.com.dayspass.cp_1.5.2_23,29,28.62923602,benign
cn.com.kuting.activity_4.11.0_247,11,10.81165118,benign
cn.zymk.comic_4.7.2_1806271691,21,20.73957911,benign
com.anysoft.tyyd_5.4.0_74,27,26.58267539,benign
com.aquila.bible_4.7_134,12,11.5784341,benign
com.baidu.wenku_4.5.3_4530,36,35.51606665,benign
com.baozou.baozou.android_3.5.0_35,26,25.57160745,benign
com.biquge.book.noverls_1.8.2_14779982,28,27.56800803,benign
com.bluesky.novel_3.8.0.2024_1030800,39,38.42085018,benign
com.book2345.reader_5.3.3_50303,27,26.65344966,benign
com.cashtoutiao_3.5.4_35,49,48.38089935,benign
com.cbl.y.zqbfjyzyb_1.0_1,16,15.79800063,benign
com.chengzi.BendiToutiao_5.8.1_50801,36,35.56514696,benign
com.comic.manhuatai_1.5.2_1806272233,18,17.74936679,benign
com.dangdang.reader_6.5.4_6540,34,33.5723809,benign
com.dz.mfxsqj_3.8.0.2024_1030800,39,38.42085018,benign
com.example.bexiak_1.0_1,37,36.65704437,benign
com.faloo.BookReader4Android_3.3.1_58,31,30.61801857,benign
com.iBookStar.activity_6.7_100,22,21.63817316,benign
com.ireadercity_5.43.4_5432,40,39.46270974,benign
com.itangyuan_5.5.0_50406,30,29.56112946,benign
com.itcode.reader_3.9.3_93,30,29.51193043,benign
com.jianshu.haruki_3.6.2_2017101362,16,15.8012668,benign
com.kdmfxsgg.novel_5.5.0_5050000,26,25.67646434,benign
com.lianzainovel_2.1.5_46,45,44.74646827,benign
com.mandongkeji.comiclover_2.4.0_202,29,28.55962215,benign
com.mfsmxs_3.7.7.2022_1030707,38,37.43307368,benign
com.mianfeinovel_2.6.2_43,44,43.74001671,benign
com.nd.android.pandareader_8.0.0.52_80052,28,27.5120726,benign
com.netease.cartoonreader_4.2.0_54,24,23.67641267,benign
com.onesoft.app.Tiiku.Duia.KJZ_4.6.1_461,33,32.69185568,benign
com.qbxsb_3.7.7.2022_1030707,38,37.43307368,benign
com.qixiao.qrxs_3.1.4_314,14,13.77213042,benign
com.quanbennovel_2.1.3_40,44,43.74001671,benign
com.remennovel_3.0.2_41,44,43.74001671,benign
com.taoche.qctt_7.3_7300,52,51.85799143,benign
com.tiantianmianfei_3.7.7.2022_1030707,38,37.43307368,benign
com.xiaodao.jiemeng_3.2.1_101,20,19.69369319,benign
com.xs.cn_5.0.1_501,52,51.82368737,benign
com.xxsyread_4.92_492,25,24.58156079,benign
com.yicen.ttkb_1.9.9_91,46,45.53530844,benign
com.zsmfxssc_3.7.7.2022_1030707,38,37.43307368,benign
io.dushu.fandengreader_3.9.21_3921,37,36.45491187,benign
one.hh.oneclient_4.5.4_89,37,36.56224129,benign
cn.gamedog.daypaoskill_2.7.4_145,35,34.55819376,benign
cn.gamedog.minecraftonlinebox_2.2.6_50,22,21.71366494,benign
cn.menue.funnylocker_2.07.031_710200866,17,16.94107998,benign
cn.taxen.ziwei_6.0.2_91,45,44.44066201,benign
cn.xiaochuankeji.tieba_4.3.8_403080,30,29.46925086,benign
com.aipai.android_4.6.2.879_879,38,37.29394775,benign
com.android.tutuerge_4.1.0.7_57,22,21.63227355,benign
com.anzogame.hs_2.6.19_206019,31,30.57546134,benign
com.anzogame.wzry_1.7.5_107005,30,29.61564034,benign
com.baozoumanhua.android_7.1.3_150,45,44.70732715,benign
com.brightcells.khb_5.0.5_42,104,103.8172237,benign
com.budejie.mimi_6.6.1_110,31,30.53125615,benign
com.budejie.www_7.0.2_276,34,33.49920565,benign
com.caiqiu.bfb_1.3.2_8,27,26.67892524,benign
com.cn.maimeng_4.2.1_74,21,20.69959414,benign
com.culiu.tenpics_3.0.3_43,20,19.73446351,benign
com.fengzhongkeji_3.5.15_69,36,35.58409182,benign
com.frego.joke_1.7.0_1250,6,5.99168851,benign
com.gamestar.pianoperfect_7.0.4_1201704,19,18.62992881,benign
com.haixiu.ui_1.5.1_64,22,21.72216966,benign
com.happyteam.dubbingshow_8.2.74_996,36,35.51785192,benign
com.idol.android_6.3.0_176,54,53.31744595,benign
com.jidian.neptune.release_1.9.2000_192000,14,13.76357375,benign
com.jiecao.news.jiecaonews_4.6.0_110,33,32.71405087,benign
com.jincaipiao.ssqyc_2.3.0_2300,11,10.87421565,benign
com.join.android.app.mgsim.wufun_3.6.4_120,33,32.44686258,benign
com.leku.hmsq_2.3.0_2300,33,32.53206097,benign
com.maidrobot.activity_4.12.4_268,24,23.66462719,benign
com.maidrobotqq.activity_2.1.28_98,23,22.65476928,benign
com.mandi.lol_17.6_215,14,13.73981785,benign
com.mci.smagazine_7.4.0.20180306_742,31,30.51675874,benign
com.miantan.myoface_3.5.0_40,6,5.96381039,benign
com.mobile17173.game_4.2.0100_4200,21,20.65179717,benign
com.mobimtech.natives.ivp.qq_7.7.4_774,32,31.51638721,benign
com.msports.tyf_7.1.5_715,28,27.61811248,benign
com.mtime_6.11.2_136,37,36.47556659,benign
com.muzhiwan.market_6.6.0_660,51,50.50392982,benign
com.nacai.bocai_4.0.4_404,33,32.57296455,benign
com.nibbana.classroom_5.2.70_2061,27,26.57449422,benign
com.pufei.gxdt_3.5.0_29,12,11.62197429,benign
com.qinhe.ispeak_3.3.6.07021_20180702,31,30.64571365,benign
com.qixiao.wsjt_5.9_58,26,25.61504525,benign
com.siyanhui.biaoqingme_3.1.0_178,23,22.6547617,benign
com.sprite.budejie.qzone_4.1.0_114,30,29.63689589,benign
com.ss.android.article.video_2.6.0_260,21,20.69705372,benign
com.taptap_2.0.0_517,25,24.6328467,benign
com.team108.xiaodupi_5.9_88,27,26.67561841,benign
com.tencent.igame_3.3.18_3031800,29,28.52680092,benign
com.tencent.qt.qtl_6.7.1_3789,37,36.50958352,benign
com.tencent.tgclub_4.3.0.46_2018061246,25,24.61130064,benign
com.tongzhuo.tongzhuogame_2.0.0_76,29,28.64312167,benign
com.vqs.iphoneassess_7.1.5_715,112,110.8082505,benign
com.wangniu.lmsq_6.0.16_60016,23,22.7080805,benign
com.whzy.sounds.wpiano_9.9.82_601282,34,33.66012408,benign
com.wodidashi.wolf_1.6.0_160068,24,23.60470693,benign
com.xiaoji.emulator_1.7.6.6_274,37,36.55275471,benign
com.xmcy.hykb_1.5.3.802_183,17,16.68216185,benign
com.yibasan.lizhifm_4.5.1_127158,37,36.5442001,benign
com.yishang.todayqiwen_5.1.0_22,29,28.64690493,benign
com.yixia.xiaokaxiu_2.3.3_230300,25,24.48497743,benign
com.yy.ourtimes_3.0.4_4338,24,23.6901287,benign
com.zmapp_5.0.01_5001,17,16.70052274,benign
com.zuobao.xiaobao_2.2.060420zb_2206,22,21.66047873,benign
net.hybz_11.0.3_203,12,11.82673812,benign
oms.mmc.fortunetelling_9.7.7_977,36,35.557786,benign
predictor.ui_21.6_216,60,59.76008187,benign
qsbk.app_11.0.4_188,26,25.69587278,benign
starmsg.youda.com.starmsg_2.1.3_12,20,19.66119096,benign
cmccwm.mobilemusic_6.4.0_225,53,52.306262,benign
cn.banshenggua.aichang_8.3.7.2_8372,35,34.7134407,benign
cn.kuwo.player_9.0.0.1_9001,38,37.42343225,benign
cn.kuwo.tingshu_8.5.2.4_8524,40,39.46228583,benign
cn.mchang_V6.11.16528.807000_131,44,43.521558,benign
com.blueocean.musicplayer_2.3.8.0_1153,27,26.60930662,benign
com.changba_8.7.4.1_874,42,41.47022907,benign
com.dj.act_2.8.2_53,13,12.81483934,benign
com.duomi.android_6.9.1.02_6090102,34,33.51371386,benign
com.fm.aiyinsitan_3.3.3_333,39,38.52846308,benign
com.gamestar.perfectpiano_7.1.4_2101714,19,18.65187425,benign
com.gwsoft.imusic.controller_V9.0.0_19000000,38,37.5533635,benign
com.herman.ringtone_2.3.5_1600235,9,8.748934263,benign
com.iflytek.ringdiyclient_7.1.20_7120,31,30.548406,benign
com.imusic.iting_V5.0.0_5000000,36,35.55047039,benign
com.itings.myradio_5.1.2_50102,36,35.52941039,benign
com.kugou.android.ringtone_4.0.7_407,37,36.59502092,benign
com.kugou.android_8.9.8_8983,31,30.50027001,benign
com.melodis.midomiMusicIdentifier.freemium_8.4.0_20150,9,8.830594815,benign
com.netease.cloudmusic_5.3.1_120,23,22.66918283,benign
com.shoujiduoduo.dj_2.9.46_2946,20,19.73810748,benign
com.shoujiduoduo.ringtone_8.7.9.0_6008790,56,55.43384808,benign
com.tencent.karaoke_5.1.6.278_170,28,27.69336598,benign
com.tencent.qqmusicpad_4.10.0.5_194,26,25.50426507,benign
com.tencent.qqmusic_8.5.0.8_850,36,35.43402423,benign
com.tencent.radio_4.3.2.1_30,38,37.60701363,benign
com.ting.mp3.android_6.5.0.0_6500,38,37.25873486,benign
com.voicedragon.musicclient_3.0.4_71,58,57.10404342,benign
com.ximalaya.ting.android_6.5.3.3_166,32,31.48794821,benign
com.yinyuetai.ui_4.6.6_94,23,22.67210191,benign
com.zbx.ct.tvzhibo_6.6.6_189,15,14.84531677,benign
fm.qingting.qtradio_8.0.5_805,31,30.46729102,benign
fm.xiami.main_7.1.2_195,34,33.56361028,benign
yong.universalplayer_4.6.7_467,21,20.64210531,malware
e00199c9d5e24a00ec9064d4b012ffb2260396d24a91eeddccc01726c6d4,13,12.590951,malware
e00400565a2c0abfeaebd941b740640ee7f7cd5716b1dff779458feb9264,23,22.5987529,malware
e03878aadf845db8a6b1ccb104166c8e0d1052ef963621332368fb8a24c3,7,6.610408523,malware
e05353975de7a8b1ac28ad1e5ecdeb85ec6a628f074abf9085b31aa44f57,4,3.822534399,malware
e079cb6c6fc7e3d027c065b9a88ae85f6eee27ffb973b83a2a433e2d18e5,9,8.881149961,malware
e08854a27309e98b72483e99ebe38b3d047338c99ebfc13b4dfad241682f,1,0.632397123,malware
e09615bfdc10f44d5250edeb3a0d032f83177737a15352e9c1e552543f5f,16,15.63645067,malware
e11387a45a79de396302319fe7db19cd33ee73d4122b06b7e7e26083534f,10,9.831003677,malware
e116d6c8f922ae101d2af721af3d183dd12d47a167312266e54c02f8b5ae,12,11.73208725,malware
e13503c9ca82ed988bfa9195393418dc667794279c87d8a5fc2d018ffd2f,24,23.70147126,malware
e156bd90514072c8f493eb6690a18a72a2c758db02c9b0a3dc6a3a5cad1c,4,3.822534399,malware
e1598d8e6acb5003509b9ef76753b99ca965847a1f25d60d3380f3007213,5,5.021941446,malware
e167a73558b0e1085848c8248538065d424e57680aa66a64dd437d2406c4,4,3.805843737,malware
e173fa29e054381db5b1b287c35094f71556e3dbe9cd29f223edd1efea6d,18,17.61737969,malware
e180f1101a0ffb82dc496d011fed2f217f657c8a5f5c03efd323119158e9,9,8.652879303,malware
e1893858a15e7c51ebea3f5dcef5a423ac4312871e8a59da7e9a82c8ef24,9,8.395672318,malware
e2071369c7b6d35575e4c5412f27d7ab07bd2b408ab64482ec0fafb57112,16,15.47746895,malware
e209669d579a2085004fe67b4dbfec2f4ccd56362cb2826c4a4090a64538,16,15.65640282,malware
e209da77180c1d4a67bec5f3736a2720b53262a9f75d6c9dd6396b4e5bca,4,3.822534399,malware
e2190399392695d8768d8315278e739d0453b3047c2b76dc4dd19911f3fd,32,31.04264764,malware
e22218ffe77e9d24d5677bcc2f80acf47dd6fb1eee688c865134bd8844ed,17,16.56210397,malware
e230af636cf21f69bc14f236255cf1d3bd7fac22d163c385c94eba7aee51,7,6.610408523,malware
e256866e86ea9d66d0e8860fda4e4959c3a66491876c63335a4bab5a75f9,4,3.822534399,malware
e26656a75fb347f317acc7a670f8d16dd4c4433691443a77b46c84b9e3a0,10,9.832490284,malware
e295cc20f9613f830b1c75ba5e8c487e3891053e71eb5e7c65d57b32d07c,9,8.709749929,malware
e318a124df8c78ef51809e8a8dcda11e846a3fd06c59ac0587f5851b6958,4,3.830264374,malware
e318cb5c9790f59a1efc628f9a6af83e0e28f132db16993116c45bb897f9,7,6.610408523,malware
e321be87e588ec55d98cac813805f6c6f0b128574c9ab2dfbeeab2f877bd,5,4.778370938,malware
e321f789d60e11f39f8d73a4f2c2dd45d90975d8bc6bd7504d06d8aa6a27,6,5.881277969,malware
e32452ba7db7826601badf634830b26c8bde0579f4c30667a6e50c2f5fbd,8,7.780983677,malware
e328b0037c89e14b1ea3249346abe22c3570fbc4fdea4c3eafe1ce272276,1,0.850039598,malware
e342fd237308dffe0fc1370f67c65de2f150ec55b3716d8e9807f28a0b80,9,8.895518008,malware
e3439bb4cbf0dd31b4867536565066aaf2e61f1d42a9d33c5e7f33a7ec6c,3,2.920192422,malware
e348a038c32437225054e08d79d2e970faa9af87320a3e7c08d95de9c5dd,8,7.965377507,malware
e351f64ffe1f72503a6ed7ddf16764b28087728895747f392e3558cb2e04,22,21.77895373,malware
e3915a1c79381fad7bcd8fe8138464328c95752a4d85af6cf6079f10161b,3,2.660072864,malware
e3916196480792b3432eb6c956578fc6a81a3aa2e489f324facaaf98f44a,4,3.9477286,malware
e406425a8c15b797924b55ed4e2c8ef8d1909b72285c1c5a13cd8857eb90,6,5.989772796,malware
e4099b4d69620aa4490ea464089b85e88feec723248a2fc914da9ea83d7c,23,22.5987529,malware
e409daaec7ccabbb2af199ef3e0bb13ad4b29dc45ad63605e77fc6301552,18,17.63038224,malware
e431c7583b5f243c12f388cfec6d9f8cb86d1d4fc9af6e13e2ea190436c3,10,9.515449716,malware
e469db1245b2bec2979810c751e081c7e89429c8caefca32dc8289e8e053,10,9.587085584,malware
e474ba18a72fb5b1878e8b0250a25854b45e13b0408305bf1d297dec3cb7,4,3.9477286,malware
e476d63f07637b1f784b06d41687fae0d7bc72d9c252813196b669c9bf8f,20,19.32873565,malware
e4929dd3c089887f1456e82619a91510e3448f7879ce835f71ea1b5a9d65,4,3.822534399,malware
e532cd275ad284ade03ad3e70bb09763c7d2c239cbf2ac0a12941fda62cb,26,25.79757538,malware
e536268d51ac7719af025fa97ade54c2a4260bc9e87e9ab7a8429a25aa32,7,6.81248417,malware
e53863fd44add6c5c724de376568f025571f949ad5ba7d90a080bcfc1352,10,9.870543926,malware
e53989a8143b900f645e14dd49e6d1906fa1fedebdeb0d4b292d4a6de8e3,13,12.590951,malware
e54202357c76c3643ccf02bec5b77a2a943abd194a6a309f4caea58763f1,1,0.632397123,malware
e55534e25e4ccc695d871924290d6c865e63712e9950ab6f275976aca8ed,13,12.90965499,malware
e5719cbd1807376970b78c94c52f2821004b3e703c369274ca50712c9808,10,9.771197972,malware
e58bf56343d6a44b0d863534426109b348673c76ec433bf310e638f34eb7,11,10.75314227,malware
e5990c58278312198ee228c4716dc8e79d73f86e824a97d700f10bd2b973,3,2.955220777,malware
e60ea3f65fad3edf73f77d54e383cea66a0f72605562a70c5a87e5c6d1b2,19,18.8234471,malware
e61083fdb548ffb2f738fc85b1711ddf2e1aa000198e5fb8fcea90becc0c,8,7.457175016,malware
e617304524eccd7928cf6093d56ff85e992d4a623694c0086fc53bce4464,10,9.614824007,malware
e62b8aa4f2f905241f8f4a5c2be9b40d9f22c273a5d42ce38f8684d78b97,16,15.81395718,malware
e62b8b9d1a07248585d1800d41a25630dacf2e416152cbdd624ce5864ae9,10,9.870543926,malware
e634ad99202c62ceb752de2cdaa8b19ef5f8c1f8ce77823a002f304dcf39,9,8.812106686,malware
e6440a1ab96884c44250f2db53618fc6762dd13eebc59d1095f1e188d40c,7,6.826973845,malware
e6508dca3d393e281f071d7e0a3b448394c6359ac2526786c4678604228b,13,12.72127507,malware
e65abc856458f0c8b34308b9358884512f28bea31fc6e326f6c1078058c0,3,2.896220125,malware
e661c2c8e05580b80aa06430513895ec866afb7638e324a45ffb276d40f8,9,8.762875972,malware
e70d22a482f2ff568fc84650513a58b816c3d402f81405f739b5b769079e,6,5.806224932,malware
e70fb0052314184463a9f7d194dee438fa381c6584b8009f178785e0e8cc,17,16.76175124,malware
e73eb273f49908baedb2a79a07198d3f9e903b795c2594bbea5c8e2841e8,7,6.81248417,malware
e756abaabdda267d08872c7e4aa22eb36d9f9e818ad88dfea7d4b5d21e90,18,17.9052913,malware
e76287cbda91514d88a61588be571fc77e3a23d3c46c71072b38f1bd83d9,13,12.72647847,malware
e76564db03ecdf665d36c953789f58015351cf0cdbc094318ad534ca4e8f,10,9.870543926,malware
e7664a64608956882409f550b7b65f759f839f47667e1d8ca76daed02556,11,10.4346844,malware
e77592596c7f91a9d2f4653367bbd75b9673ef0c8b42ae9b0ff7b8a9f5bf,20,19.81210474,malware
e77e48351eeb94b9f8d0c9d9158d0bc539f10d219bc2993a591990be6749,9,8.769498042,malware
e795523426c0841d96a7a1bd60375715b0c21b3aadf1b9188b037e292af1,11,10.87696773,malware
e79a2f52bcf19165a1f2a79c17b7928d5ba2ee24de8880cf0772622025d2,15,14.77687109,malware
e79d743f133d34f4dda00db503876adda168f4a43b4567543c4689372094,11,10.91007746,malware
e806f066ff89a067b99918f0860de44ef23837f105c3bc341aaa18a09a26,13,12.590951,malware
e817ea7a2016ddec122c525a24eabc335655da8feaba4a98297f6f04fc21,10,9.617830978,malware
e82993bd3106428af401f79334a239d8bf8ed24aec0f25d9e66e0190f245,4,3.822534399,malware
e847ffd29dca357027e2fb59eeb5abbce395ea1c819113c3a4e07c5839a7,18,17.61737969,malware
e87eeeb9f32a68ff3c7fe7982182d07cffeab29e42fab82f121df12306cc,16,15.63645067,malware
e8840c4c3a4adf77ba3d4d928600d885e3365e050fc9e7018a59c271f075,9,8.395672318,malware
e888192a3eaa165904cc19129aa31fc1bad9913fb1cfb2cc3df22dde8eee,22,21.69715696,malware
e88e645a02c21205758ca749bbc7c78e3d7b54f83ad3489f5e444cbbabb7,31,30.42794454,malware
e89fc6443e06b51f4ef0cf5e961a0ae431b76ba40a2bc63cbb57d5c8e4fb,5,5.021941446,malware
e90bd2018d23c92f6526f31b036fdb4dc4ab1ea1a91f4d55b4e15c70a6e4,10,9.870543926,malware
e91b1acc6fdd33f2c613364746433d1b15f2880ef6139cb069bcfc8a6596,14,13.50020798,malware
e91dfc1cb52d19d8339609c490185bb14d3122cbb6b864a0a76f4b78e661,16,15.76561056,malware
e937f9b51d278ddec8c037668e0f97899e1f6d2816ea6f5580a1d3d0c196,17,16.89601887,malware
e9484114f77952ece8234927bcc865886938c41f4f4657741f01b22a214e,41,40.39836952,malware
e95449a0f5e791ed6a74432f7650d929c0e85497e243d232725771a03242,13,12.63564358,malware
e957ce5882c17fbf92666340f7e81918a70a8cd31c3f5efcb403fdb3d77a,15,14.64306553,malware
e97a428a380b95d254d5815f1c1987c391b07f4b65466c49be380453a054,5,4.786477124,malware
e99638129bda451ecb485851dbdf968ad5164d0e4e92a380b2adfbb4548f,1,0.632397123,malware
ea0da57712f370543a20b3be6b992dc581995ee70010bbca5052df899505,17,16.85223113,malware
ea153a9dc50f5f9dbaaa29d764b54a819e6b8c0917b000f1c78a32be77f2,14,13.48439736,malware
ea1a5c55040824fa0ca16cfc56d2b875a25f5c70a81051590e438a9cc941,11,10.78191671,malware
ea342fa78264a135f081e3c2be4c50b8f03c1a3b314910c89a42da98b98c,4,3.805843737,malware
ea3e4e8ab52dc8facc9ad15b859200d6b76b4b6b0c549cc93e61d6ac8c53,12,11.77676672,malware
ea64e980d7a5420ec53c3eb9126292dad3b3c58ccc2a2b7ac95a6922b4e0,12,11.89585272,malware
ea76cbf0213a109dd9d7ed4ecb5dd759eb428f814bb9a34122bc057c30bd,11,10.87909053,malware
ea7b11a4ae94953dc94b2084cf4fdd3e7430acff4e4e5d399e1f2a5c0fb0,18,17.63038224,malware
ea7ddffeca7c13c31cc2d654095234c1941b50946a883da2651d8d89b3af,7,6.81248417,malware
ea929eb7b80ee873c0691b35981528d9dab39f1e50c6ec60556d0296e071,6,5.539233356,malware
ea97fc6b2fa4769c10808c5df4f309f81dbd799d303f8f40325a7c013235,18,17.63038224,malware
ea988cb90c3743a76729355b9575103bb4842d72ee09ad8bae21b287fb74,16,15.69103399,malware
ea9c28662319cb78b870de975e0e52bde2861468eb632db4855557cd8e62,11,10.73535016,malware
eaa16d6ad244713c47d66e1c6561f58bfd92fdad11c8da27a816d918227e,13,12.81875452,malware
eaadf038c69e9b6384b59c4ff573402b8268f0500311622f06a4e3e37c3c,15,14.91662902,malware
eab4189e25d4ab0aa215720331302e36d4e60dca8b4b75305615725c80ec,10,9.871498916,malware
eab4daa673462c98314f9b7886b2e5e7b96545b83729485a2de4aef1888b,6,5.981247375,malware
eab9f33515233cd64588742b326e9f70b3c57423f9a28646fb34f1687a86,8,7.847873294,malware
eac5a97ddab29200796dd5aa7c434100c94fc7b4feee47f0b7dc7e9e8a11,6,5.989772796,malware
eac974fb9cca532b872faf8c9d1151ac8888c9d1fd745eb22eefec241777,12,11.95806884,malware
ead64f74c09fdb15be782c73d9269bfbc225ec43c729574e263f9c1f9ccf,6,5.981247375,malware
eaf118bbdf615a58e47addbf5820a52bb16967c6df5af2b42bddfe59d684,6,5.723985165,malware
eaf4bf1093985de861d65ca424016b8fcf852ecc1b3f2ea463424c544ab8,18,17.63038224,malware
eaf71ed135d73a8c5eaadc5ac56992edeaa64cdd2bb96e6cd84c8f7c1a08,12,11.96916978,malware
eb110e55abaec6aa7206c4aeeca515696c39e73b7ad539c1716fd54a9691,12,11.8342843,malware
eb13c3a4bf3ddfc16b18e4bea4c9a087a7a9118824fd624397b59f6e40d1,1,1.074416998,malware
eb1775c496346b614cde89c510b24d34f0732d92d7014e498b008a60f876,7,6.610408523,malware
eb1bcca87ab55bd0fe0cf1ec27753fddcd35b6030633da559eee42977279,10,9.617830978,malware
eb22d87146cc426242fc541925361c51641b500513b000f3a26ae89ebf52,11,10.80340049,malware
eb2f047fe3aea452f1867ec57fae2e4e853652fe9cbabdd995a11c6fec0d,7,6.954822685,malware
eb37cdb063d1fb3d65ce309a56639315948c16f99c013d4b21c4b8eda2d5,11,10.73535016,malware
eb3c996aa280dc838e05298c7ff79e26f8aa571109df1b0c652ce0f9ac9b,7,6.817148347,malware
eb41e67132858c6ac75e11c4cbbfce695cd4d603ef5a185171cb78f28029,18,17.61737969,malware
eb53205f24f51e7daa7e7d74bf2cb0e19c92b6b53f1eeefbbc863cd7d1f8,7,6.612737612,malware
eb5f54b08fc4353958413abb6da1b6ba9cb1dc751a575e90e28c717ced24,9,8.762875972,malware
eb729fdf48e26564a55be52832369265abc3a374a7208fe71ff0397f20a0,10,9.617830978,malware
eb74320a4635a393f5e9403861677bf139d9a595397c7208bb0155d1e63a,6,5.989772796,malware
eb7fba53cbee1a76bcb9484093d2895077bdf909a7216797c1a598cd978c,7,6.957556258,malware
eb9760a55aad36f0c83915902349a516f1262c616b41685619d9380db94a,5,4.988029368,malware
eb9ed8e1150fba16097550d5eea57ff74e76a3f4eb970d883fe1f94c45ca,9,8.774403853,malware
eba3da545677d02ca6badcc1f4f91fb01ba8a582e07b1b37414e27a0724e,11,10.55776234,malware
eba8a8a14b235f61750894e1c2d7ef4f388276ab5aa838a45fba9a820aa7,18,17.61737969,malware
ebce039cacfd180c8f5d5bb6978c79d8c22043974d022a37507b570613ba,18,17.73894673,malware
ebdcd05162103373ab98972b71500a365d08fbf6346db3a995934b6f7f80,21,20.83355424,malware
ebe06dfb790ccec41432637c593139e6c813af0ba0f1366ff9ff12f8dd89,15,14.94866187,malware
ebe3ffd509f677d4ef65a73aedf02f67eacc4535b4066117402f45ef66a4,7,6.81248417,malware
ebe7ac33be896dcced9996003e779a06ad553662e25641d34161484e0597,8,7.457175016,malware
ebe97f89e65af3bb64530114d6a2aab6d52bd6d3d3d4daf435e3a05bb448,11,10.73535016,malware
ebf249801e6db5fb877cadbc9b7771466afd6ecc30df5cc340471036d71c,6,5.678338198,malware
ec06c6f995ae0702802a14336bf563c6c1c196f06e7d8488ef16d2bc94d4,11,10.74966315,malware
ec0e0d25aa1de4f38894fb1999d6f21535610ffba15423a02ec993fea156,5,4.84014159,malware
ec0e4ecaab7bb147a9617dacb5e2680c1669710525ae103edb44eb5dedde,9,8.812106686,malware
ec2e5c34101999642b11de104e9048a5eda4c4196e31482d6e0d7a913249,10,9.832490284,malware
ec3f84b135f0357cd1c4f2e8b4cdc241e1b0ba3b12f43a73b6d777a923a4,4,3.639908405,malware
ec407abcd670a41c206749b075e4c9c62d1c8830d9190c6acc3333fd8879,6,5.813544165,malware
ec4681af2853686ae2e8742a50713dfdfc8c99025891efcc9b7346ac2b96,10,9.532761645,malware
ec58d0b3747b29194e21f0db6cb6c377a9a767d3c03ebc3a3cca292ea701,7,6.81248417,malware
ec6212709ed75defc848626d2888b685aeafc4ffd655ad830557f9994e89,7,6.954822685,malware
ec657c09bd894ddbbe9196f02aaa902a71a8cd95885c018c21e2a43c4e85,4,3.942640372,malware
ec75b430e291dae869e958e1cfdcec1007804953c13bf217a8ddb58e441b,7,6.81248417,malware
ec7f4e92d84f3550bcd4d41b213cfcc096b3085a3c0cc60ab0b0a0d8fb97,13,12.590951,malware
ec83c4a9b162b3e9d06b58a4ffe70609ed806d65f77a55f5557ca1e67117,15,14.523732,malware
ec89d9bcc4fdcd24714fa9c8fd15b2194093cfea35064e1424b60f919ed1,24,23.49470391,malware
ec8abc97b95164a46c4f5071aa1eaeb591757208bc7be7c9b34c8bf35e71,4,3.822534399,malware
ec91a1e3500f4e3ade5fd283b57ff5d03054bf39607b6831283fb96d5bc9,10,9.835632973,malware
ec9568b4f2aaaab7668bf7462d6f20cc1edcb867598a9ebe88cf1f75885f,1,0.632397123,malware
eca32ba0060f25f6f84b3387864280473ab0c2c56136290a9419c2ae9572,16,15.85476191,malware
eca3a3666b0fd72028431431e7fae6774a8ca692e35ae3cb44fd8f2aa418,15,14.65108265,malware
eca435ef296ea96078f63d78c0147206cf6870dba98eaca11b81bed2eecb,21,20.7237287,malware
ecb22e859c8f05705a3af7d4a152bb3fc0ef8ac48aa2490d66993a1ec72d,4,3.942640372,malware
ecb23483ca0c7dbd4197390c1902bedd17835cd1fcbfba30b65e1357117a,8,7.457175016,malware
ecc617ed666a3aa4960185a1420b586cd3c206e2e5def5a162c8785395df,22,21.88925795,malware
ecc9097cb248ea48228b22148545a3879b1eacdba38def33de60e07d1fa9,9,8.709749929,malware
eccd531ea09ffa88acecf16c958c2afef2f662118b6bd53c82f0e91f4510,11,10.75314227,malware
ecd0ebbadc7b08847c37042969cdee5d1a2f6cbdcef46bf67ae5d10b9fa3,13,12.66548291,malware
ece76e88fe8ae47beb529f0546c3c8d360d40c50e7b7aa3c6a783b8b53e3,11,10.77083484,malware
ece89cf3c8ead35954479c1a5cd0dcdf857226abfa8c6ad594a423ecdf99,6,5.989772796,malware
ecee8ed57a96f8bdcdbf6078f520e74b5c538387ca15108054a9ea724047,1,0.632397123,malware
ecf0816685f8c00c6054bbd84253183ffcdef4b44c09cf32a104268e5c6e,13,12.65852177,malware
ecf204749b5b068ca1d9c9ba1a2f78869f56b3a34aabe99b02c15dc8f1eb,4,3.942640372,malware
ecf9c8520e13054bcc1b1a18cc335810f7eb97bdbe75fc204ad050228f80,17,16.64203064,malware
ecfbeb473cb73a57570ededa5ad12f3aac09a76322ab42c14a6fc5acbfbb,23,22.5987529,malware
ecfebfbbc574d926d4158b40472c6b088a48bf99eb69217218f6c76d912f,4,3.942640372,malware
ed11b0eb33495c0ad030c5bcd74fcc6a9e8f06aa0f45b4c282d1c0cc036f,10,9.92627709,malware
ed1792c8271e5945b8a038247fe7cacd536739f950f6ebf6039aea6b7c8f,4,3.942640372,malware
ed1d4cb2eb94de1f96ab8b8963320093ad733b0b137624f3d7c65520aea0,8,7.780983677,malware
ed412efad167eda844801bbeb97fa13da1715553502c3c9c5273c420d1e5,12,11.68235131,malware
ed4cbabf865471350558bee940a2bb15c0fdc8a7b09c8eff38ee866aa60d,8,7.965377507,malware
ed4d914ebe6a1890d16dd5c21090ea86e730f89bff861a08d4e88603387b,5,4.99678221,malware
ed542a41a6061426b2892f0bdaf1bfd96e1061baf717f2ba6d292c969352,12,11.77676672,malware
ed5e276e514616686ede7b71f34797119b14655e7fffb5e60dbd3ab2c355,13,12.72127507,malware
ed67960336dc25c0325904e7cb20927b1c3c5ee8f26796e591fc05c35f93,13,12.72647847,malware
ed6ae6a425d76c10840beae316ac575aef589dff973d4eecc3b1f31ecfed,19,18.6450542,malware
ed6ec793f5c33d3b4500174cf22b3947077f3d40ad303cc6e4567498c58e,20,19.32873565,malware
ed6fe7b4b2b89dbb5177d01e190abfb36c29a24f6181d0ab53f0fbbf1254,6,5.267731309,malware
ed829db37b24cdc085c81a0c48bf26a5f7d8df10253a0876e3bee5aed30b,2,2.052377065,malware
ed9e658b762b1db20f1c0290e07e51fb8ee09a7f13c5d78a31024e1530b7,11,10.77083484,malware
eda097c74714b166fe3ca15961aecef55658baa3aac55c906178af485265,7,6.81248417,malware
edaf1b89f9f9c8560f79d4e585d2d6f0d5ed0399f9d3a6c341cf33832d3e,7,6.81248417,malware
edb3fa3fe5038f52556929041cbded47bb7a8925ab4486ba62d60842ffce,4,3.822534399,malware
edbc910b5911d9ba32d3d832b9693db8a9c7aae8e7569e29c52a45a0a768,12,11.73132125,malware
edbe6bbbd562f6bb74787ccd8b4c0312832aea7e506151e0557738a5e7e8,2,1.957420413,malware
edc59a6223fb6af5e8a038cd32ada988e1cf4bdf154e4745ef33a0784acd,14,13.23524293,malware
ede7d95903b3582a80c96a9c0bf8c823dde071ad9a715b608f9e81e8f632,4,3.830264374,malware
edefda153cfea9b54dc1056747aabd5bc775c1e82c1cb59e3e4b9cb8fa54,6,5.989772796,malware
edf4b67aee4c8ca76fe8068abceb254df1fea59e49c06664c442e1a70a9c,8,7.946538434,malware
edf4c8f4444f53a40d0cd4655c2cc9fcce20382b680923a05facbb1e9cc8,7,6.81248417,malware
edf568790907e970da583855e9b923b2f897fbeb4faf41b87436b23e262b,2,1.962228298,malware
edf730d52fe41d957072d0d9f0a357ffa8d0c093db0e7eb3a5f085c4b530,9,8.929191993,malware
edf85f8115297afc0f4b4c6903c88797b2e32b8f3f08d64893c4e6cd394b,18,17.63038224,malware
edfb12054fe649ce9c838f34892827ff14469ac2034c38da7d092b23a695,7,6.81248417,malware
ee076ae4d063c922d7cd35c812f3c3761d9175e23d62026e4df4347ebe34,7,6.996982848,malware
ee0def661a1b9f48b80a334ffe724a22359963ed4ff91bed5e71aa8a4353,13,12.72647847,malware
ee19913af9d8b3051b8f05f1afebecfd79ca25525fc9256bcf7e57269b15,13,12.75261525,malware
ee1a33e02e2165e9a5b6500a35a2908583d054503b4167d71da5da8fddde,18,17.63038224,malware
ee21782bf346b26411cb00ca83f91aa18c01cf67086d500e66672a0de046,22,21.76808104,malware
ee2a5536362ded19d75974547cf971817f9a898f678e920a2f4539b71c86,9,8.881149961,malware
ee3f10a6cb8eaf1788dc8583898195af8505bf5caea5c36408e9c31f4147,16,15.63645067,malware
ee5a46aef2c8de91dcf82d346fdcfb9f4d81f74ea9b02406cf71d830b68f,4,3.942640372,malware
ee5adf5f1a53d18efd0393a82440e6ea93b7b0c013d7adaa173e9b4dd1c3,7,6.928445286,malware
ee72262f24f65cfa3b96954f25b3990d8003918cde194151b89036b4a536,9,8.812106686,malware
ee7ea9a89a9ef66735f11e5e58f807965b1a64f1bf6c53b7f6f35f944fce,4,3.822534399,malware
ee819f0c78b59e401ea1e795bd106044cd8c631374cdbcf9bf03ab0e66b0,9,8.762875972,malware
eeb414ca778fc7c3a14faacb58d562d901b127614e0be7711ee68d8d4f38,6,5.806452939,malware
eebc5bd52247c085034fcf928a1610394f9189848f2a61cd21851d13c433,8,7.82605548,malware
eec74e23b8be5a53723a673b34c76bbbb05c42be98beae2f42948e4c7936,9,8.873550116,malware
eed84a3ac801956acb266f97c4a3967383a9019049bbca466a301a83a0ee,10,9.617830978,malware
eee03fcc4f2f5b90a541c6f79d9c18b25ec7cb5e8016e0be9c235459f79b,11,10.55776234,malware
eeea9fb531c7d24fe5edcbbb039bf4f19dff285447cdc13f15260145c40b,6,5.886044866,malware
eef7e3c9cca3d4070fce2ca0e435183249c46989ed95b8f937b5ef7d10e1,12,11.8197196,malware
eefab3e00a36b475482ad9255e063575710e5d1f33730c13e18ab503da14,23,22.5987529,malware
ef0fda153da9bd1e51dafc451b5aeb75426d17f49a70e1a151cc54a945bc,17,16.5983311,malware
ef2b268d4ff17708d1d01e363cb486e7aa83616ab595434535cfb33be0f7,21,20.72903297,malware
ef39607cedfc9a48788b3334cf395d626e32aadd42ece71356bd30c634ba,17,16.5983311,malware
ef3f7123c77d5241f32d7cf4a6ba9944c534bd05afe64c806bdca1a4220c,24,23.7031581,malware
ef422626e32c6a7647cce1f3abcebe67ec8da322fbf415de8f4b787d4032,4,3.9477286,malware
ef51823f78d2752f9c56a54daf093fc18fb66557674411462947a5da8b65,5,4.786477124,malware
ef51e13b0479e107fa31f72675aadfd33e3116e0c7380715abd7c5aaa076,18,17.61737969,malware
ef61da6501ca2c273e461681ee3034389fea32cdab862fda872ec0350282,19,18.44199607,malware
ef7ad5885a1ca8875184012072e4f4fde12eb4ce9ee741b9bbb519eee365,7,6.81248417,malware
ef8146741124c40494b1f9796c17098a47ac71c738fa204eeeca6dbbf310,4,3.830264374,malware
ef89022c90002cebf8611f889619e10eebdd13e5753a197d721c57e01b62,2,2.052377065,malware
ef8c71b0bf168f8bf120d56cb38a2476ab6284e0819611e83452f048ffe3,7,6.610408523,malware
ef915f6a5e12df89e928035f1a5ad45b90cb40d9a95630c4d858539f1987,4,3.822534399,malware
ef91fb5ea0807dad61da6f5a94f53404fe09e1a04cee1cb232fc6de2a07e,7,6.610408523,malware
ef929b3c054eaba92bb85f5c9f8520bf9e8d9a5a16b904af348ad8081a6e,4,3.822534399,malware
efbdf2504f38caa130d73b992811fef1f513add3277e68b3ceaddf8b1cff,6,5.806224932,malware
efc6a641cb2a7da75daa60c8c8f2bf4fa4fef41ce640c294c837683374c6,11,10.55776234,malware
efc9a3c5b3912d583a7a30a77eaca597b24b08d440ea168bfb7c73cc4173,6,5.96151273,malware
efd89ce90fd822260a3ac3e3f430f41253259cd8b54f594b43c3e935cd16,7,6.81248417,malware
efd95f6d1841e79054f8a78913e9ea0fd7e2ecea3cb853bbb7b7e72e8a21,11,10.74966315,malware
efde47aa921f1036abe076cba0d7ed00f8b1d0ed30898823437ff98b32da,18,17.61737969,malware
efe05bff235c5f0cf19ee6d1046a4022cfc293359551dbd2c149e344bd34,18,17.63038224,malware
efe368b0131387125f61f1e260a60140598ba8660cc29fe52f6b98f92dc0,7,6.942564077,malware
efee59e642aabf7e99de6e0ac89b9aba414d2c5bf8689c95237d4e87df89,8,7.660079754,malware
f00e0b8028096627c1106c1c720d50da48c7d79e5ef1142db0335cb4ba7e,10,9.863666077,malware
f01bf97ea92125306c899bb58ea65527d8b28d41aa21468632a2f0ddbd5d,7,6.81248417,malware
f01d9a2d49f49d28aaf222d7c5ba855648f46768a403808e652ee1d856c4,14,13.88149908,malware
f0356bb27b8a1a1774dd7106fbe9a85802de8df1f0b3ad9d7c874ae6dc3d,5,4.916861286,malware
f043350c8c079d1de7db61d985ce90cfeeac93f192c77a55040b5de8cb96,8,7.660079754,malware
f04cf945356b41456975bc6185fff97f7d69b3654d999f998deb225df1a3,18,17.61737969,malware
f05394dd52373c4b66a6f311eeec5008a31765764a2efe5513fe81285eff,9,8.762875972,malware
f06e98cc30317cd751ccda3dac4b71841c7a92e6be3c659c903fd20f68f7,10,9.870543926,malware
f075e95d1361c41bda946393f4eaa4b796478e709b3aaa00009c08121c36,4,3.822534399,malware
f0883aea78b8cf946a2879e6e5f8533191023d50c5f2c49392632b547889,11,10.84453836,malware
f09d3c855964685ea959b881382728f733e8021675f8bbc2c93c3f0057f3,10,9.92627709,malware
f0ac13c53b4bb3a035f3a6591f53dcb8b949d3f0fedc6a02da6320f6af73,6,5.818762676,malware
f0b641990b114177902e37275f1a78e8d69f8c865f926b4b1961492f3ac8,4,3.965704872,malware
f0c343eeb0c1461704ca5730019b76a67d1380029551928eac53584af2d9,16,15.63645067,malware
f0e316c1f0264c4bd3fcdc804f1c663534c7f77b08326ab8f8a669714138,14,13.77264982,malware
f0ec9cab835b9549e4f6e15005e2b7df96ff9fd90c3db731c2a293beb3cd,13,12.72647847,malware
f0f03a6eefeae32fe3c80f6800a1b2eeb07d92061924b1a3395df918c82a,10,9.87966054,malware
f0f60c2e2ad677faeabccfab23e33478f19b3ca24c81c1226c105ebc4b9a,2,2.052377065,malware
f0fca2f682c20aaacf7bcef83d5a337ef3063a570c50c29848b0db53dda4,7,6.81248417,malware
f1416ba55dc4e22e8b2db13cf6b4acee82067db9430edb705673c4853ca6,8,7.82605548,malware
f157946d3868fbe013ec23b14f1097bb727654b4f3926322f035e86e3f5f,10,9.839832339,malware
f161d29dcd49c9d32e9931692da12c9c00cf68fc21d24076c636a76ef835,18,17.61737969,malware
f187722fd44eb90b9dc03551ee30bcbb19ceac0d3a2360e31b6ef1c1055d,21,20.86557724,malware
f18891b20623ad35713e7f44feade51a1fd16030af55056a45cefa3f5f38,7,6.676562144,malware
f19b3b007b54813c8395f826d76abb6c7573286d9866ecf1f71cbbb75c12,21,20.72903297,malware
f1b49b5c11730a3b619231136d4024446e84decbf0da7270b7371f14f67b,6,5.723985165,malware
f1c8b34879b04dc94f0a13d33c1e1272bdf9141e56e19da62c1a1b27af12,9,8.709749929,malware
f1cc5280780bcec1d5751b8ab8b83fa2dc09ce684c765c67cf0bcc616898,21,20.88678424,malware
f1e84424e058a2de55b5dbec62e9c40fa98798241a7fcd6ef19bfbf098c0,4,3.9477286,malware
f22df783d74922045755f8b5abcdfadcc8c3f23589343b362e81d97fa62b,4,3.822534399,malware
f2305198a4789bc0f74afb7627bf998c2739d00d754eaff51aa2f538ab03,10,9.617830978,malware
f24beb581655d8a5d82e3a2382dc81cf89c76b0fac0dda7a37aa7ddf8106,7,6.610408523,malware
f251cc031998ce5798da50552c0c66b41461bd9e80a37b1a7dfcb32792c5,5,5.021941446,malware
f2530d860905238ea6b27ec9403bf066453a7bb65a7ccbd3369851841888,15,14.2302105,malware
f254f825b6306ce72d1f5b7690d5b6dc60053421356440c7ae6ac44fd0c9,13,12.72647847,malware
f25a56ff8da483162d7136e79fceb3336e3db3b2f4b440fd73042768e580,6,5.723985165,malware
f25c2616801987db74c3c96d63cea76f5f6a9a9116842e76e13e67de732a,4,3.94312981,malware
f263552d7725bb43699c5e730dc32465d022786abbe773c2c12b1701282f,4,3.822534399,malware
f279899a5c2028cfb79af07add6a67172c60a17190dd8c66a5cdde4700da,11,10.8717158,malware
f286492358d2ebba300feaaa6a2e3cb19739259628392b5e02455c5643bd,8,7.660079754,malware
f2869142e80c30070f4cab580a3bcf6d40ff7c8f7b8cd9f6a8ff5e052d8f,4,3.9477286,malware
f2b5c1c324ae968de8798bf54fba6e091f047e42070c7b615f4ddc6e96fc,7,6.81248417,malware
f2bd03337cda0f074ce0548e8384611573c689e6a80e1343e21ae66b7af1,16,15.86517925,malware
f2c0a6c04610bddef8c223274957669aa07a0c7a1b392ee304f2636f6f5c,3,2.849962447,malware
f2d35932d24c493c58542044d64af20f939006e296c6b984cdec0b8c07d0,4,3.942640372,malware
f2dff1bad44a672e2e00ac4b8117eea9c4a5b96a940ac6308d46e379f7b7,15,14.62316174,malware
f2e0d7d5893b0aad9ffeb55e3e4ee88f271ceebccd38746dfd04d9b71334,5,4.971673004,malware
f2f82151f92babee45e7e684984d3ef42530c457709991d93b0888fe10a2,13,12.590951,malware
f2fe1e50305ebab3db735379311c991ba8fd39a21871e596c39c91721be4,9,8.929191993,malware
f30248196e80961c21f37a12ca0164a362b0f8701e5dd5ad5ef1282a0900,21,20.7237287,malware
f33afef45d0734c62e8778577ac7685d1ed038b6daedf26064bfdaae7b70,6,5.267731309,malware
f33bf70bcacf1033f50d7a9708a0e19e7edb60ef0a4c9159213c22e9d23c,6,5.805972613,malware
f34631acbcaccfef2473b5db133632aef0bf477b74b0b5e76c2e7dd44f7f,20,19.32873565,malware
f35698b637f00fe4c57677c21aa4015a747364263b7afc9b45073eb7ea9d,1,0.632397123,malware
f35e56450f52a397103d52e82138b41cd2d2b758089d3cba9c8e6adac148,11,10.75227136,malware
f37a40c05493b83f7e057f862798de1356235418f97931c1c66145c8b3fa,15,14.7513868,malware
f37a63d25972f7a724dd83cef11c70577e3ed57a6e06e33d754eda4004e3,13,12.7958226,malware
f382dea734524116dc4f0302775d9fa1fda87352dee413d25d4baea915b7,3,2.896220125,malware
f3877404a521e72d442870507393d805fcdc7c01aeec7e937b072b25a916,4,3.942640372,malware
f3906065452633cf9c63a4ccf7108e8b70e1c490b21de8889a6bd64ac630,7,6.81248417,malware
f391cc4ea5961d649bc62a0466560dc76eaebcf26f0c8452c671c2d2b343,12,11.68121718,malware
f39f20ec060481bd89cfbd44654077fcd6404d87a1286685570334bd430e,7,6.936549899,malware
f3bcda140671049a060bef4fd0fc89cb99d4984a379a5fcccc74dd1331a0,6,5.723985165,malware
f3ca3c3bd4405ab64fd757862d18cae04fc339c1738f64cca0106ef5ee66,11,10.87948693,malware
f3cfb7b058b121b9ff381a9ab38bcb5a0442edc6932f3f79648badb43cad,8,7.953637525,malware
f3d1cffb499f7833a1d94c13b522bff73dbde397f36426d3393cc608a044,8,7.947975219,malware
f3d4d8da10c42480cc9e9c8256f0f9094a04e8e8b7195e583ec097583b8e,1,0.632397123,malware
f3e3c29509dcf0d002947fe9691f28b72fc9a3410720c1f0f17ee4a11d41,6,5.81459363,malware
f3f52121296119ff32c334075ea80b74495fde648a7204bed66268b285fb,18,17.9052913,malware
f3fb68f44e5fd34a93df8c41737414b17574470e1d6b57ac14978baf75ad,7,6.81248417,malware
f410953e74e33c28dc18772056b4063510732bd0788450d738740568309b,8,7.817287446,malware
f41f94ca6958904ce12551bde39d815654adbfcc67e3a53383bec7e6edd7,11,10.74966315,malware
f420d15b98ab7aa09607288dbf72164169bc44b59c56ab57879f5f4eba2e,7,6.966505802,malware
f42460c75ed45308897da99a1c387cffbfc761ad970270c109690f0e5fa2,10,9.870543926,malware
f42d83a8e1ffda0e0f81832d0e8f59624b76ad0017a1313d48949d235517,14,13.69441114,malware
f44028370cea39fe8f4c9a3df59303263ec735ceb4188091200e027fdfb8,5,4.790861873,malware
f44768e50b48879b09ff7180e23c145ec69dd1b50798102cba72fa5ab729,14,13.8963576,malware
f44d6423a3323b58336a5b6a3fa705c6022c7d7db047fec1cb7ffe656826,5,5.021941446,malware
f44ff1d306731b7ea378569545963a71254145252c2d26ca6f679caa8fd3,16,15.6331931,malware
f4842871b8bf136aa9fe3176273042f9d155a4d576e0b91924029bd6c77a,21,20.7237287,malware
f49410d96e93822e44dfa1a45b55e250abca233a43f4afb0237a1a0f76b6,4,3.957006972,malware
f496c85a05b18f37fe5f7435d72eac1a0494f9ef105fc79077825226949c,16,15.63645067,malware
f4a33854a6fe877e81021f1b02158175b78a6c3778a54a535af17f2d9420,14,13.95650093,malware
f4baa0b130f9d1dd2f876884e7ad3953fe29ee188bbb81babfab231c056f,9,8.762875972,malware
f4bd314481fc97fb78eb8239efab813b16c55bfdfa6598a64e60e80bc61e,3,2.528930019,malware
f4c5494d8afa254385fe35d707c5ec5b0b420f635fac54ae169e1b7cd9ce,15,14.64306553,malware
f4ccbe2c567e1f7fd9eaca2a92d5230956aa8b5a2d9b7918656a6a7a913a,30,29.70136575,malware
f4d1b7eeadd7f64dbfb391360dd5472158447375a568709967db0eceeeec,2,2.052377065,malware
f4dcd9ceb32ed30d13a6b18ffc2632cf84287ed31197a0fea40c5d3c44dc,17,16.53885329,malware
f4f3c9d0ee7a615b05cd8091f1a0ab45b824f3a95198e7171e04f01c3bce,4,3.822534399,malware
f514943cb056a0c7d3fcae68e85feac5e6e9b13d679a601b37299e58ffac,4,3.889967891,malware
f52bd07d3457b69720c9a54be5730545bfcc80269be749faca723906a303,10,9.839832339,malware
f53da10fd886c112cb137ef30a5af9bd7e638433b0e56e4920e85a4a872f,3,2.799935886,malware
f53eace94b1cfb8743ffc0dc1fd0d482600a028472aecdd1cf0fb50d16de,12,11.57923294,malware
f563d99a834998b6f40101aa5adbd8179adba90645dca9390ff47465a83f,4,3.805843737,malware
f56edec6e83bb7fdcab13ceaa14c6129f6c2652f64ad21e2f54b5c5d8c72,5,4.282755593,malware
f571ba63609ed8466b0f4eb82ed674336b8c05d1510d5393a01d5e97e588,17,16.69852069,malware
f574e38548ec0bb222ac28a7c8b87124f4419f8ae4bce0c74d87ac4b2ba1,13,12.60073958,malware
f59423e61599f925ec4b602f4c08cb53548a51e5fa785acbc4244df830f5,18,17.61737969,malware
f59649c36d9e64cf90cfeecd0beb753188f80be3a87106dc04eb3021c1f2,16,15.63645067,malware
f5a516a90212526751844bddde9b3ad66bfe1d369756d3d5105b3f530d68,20,19.32873565,malware
f5c0c7893895cf75c97ac525ac187d5982fcc39ce45c9fd36696f63081a8,3,2.955220777,malware
f5c3fb0585074c2630afdd4ff673988416ef31d121ff2e4cceae0c3db075,17,16.5983311,malware
f5ecf8b4175cc4a0882ebf28e88b49ecda3f1772e316aeb458a4fa5cb644,12,11.73132125,malware
f5efb5cd71496bddc80dde3f954031a80abaee7fdc11eb50fdeab90b029b,10,9.521719376,malware
f5f193432967ad62a6a6e76932a8eae1882a1769f5a075ba92f4e86d77d4,4,3.9477286,malware
f5fe37cc5521137c11b09084e160498a1b676ec1712cafcde49b70dc1221,17,16.5983311,malware
f602f2683d156462cebaf0efa4b0b55c5168b40a8b00e94e0a3f52397e48,13,12.87225763,malware
f6114368b2c31a2c0e2c79baed7acea3435dd064296e44fde737439193f1,7,6.81248417,malware
f611b77b8bdcee8e6b586d943a8f96c71f5a8d1facf08042fa2fc0fbdbe9,7,6.81248417,malware
f61effc70665bc09ed098b40b7386462e563b3e3b9338f22c13c70425af2,19,18.29288046,malware
f6239ba0487ffcf4d09255dba781440d2600d3c509e66018e6a5724912df,3,2.885913491,malware
f62bb6136376cc259fcb9286112c4fe5ccd9a3f6fd6330de33f0759c7dab,15,14.78637799,malware
f63e1849f6ae1dcd072b0f117d79cc5386b4426e5e00c9d012686aa628e7,6,5.267731309,malware
f648800e2e35525972574f23b59cc7d96a9b646598de63d240ca564d9240,20,19.32873565,malware
f648b515c559697e35883b9c7c7112f2a3d7fa93ba46e0d74f8a986fbc72,4,3.822534399,malware
f65058c5857b94f795ffba556d63845a8d60c18a781c8fec53e4229b954f,17,16.64203064,malware
f6648216bf548aee8e470be1d79d4046a374fa3edad4f117ef2ceb8e9920,8,7.919195359,malware
f666ebb8ac0c9519a295df70e527b1d0eeeb5517a38b7b47ab4e13b98c35,4,3.942640372,malware
f669143bc4ade1c4ea09b7fbf54e2eec64c852ff1c0e6e408b32c028989c,4,3.9477286,malware
f66b055ba6ba7c1cdf45c53c34613046121185867f46f94034b1946c6d75,8,7.834721193,malware
f684cf9478f0fd0d615dc5913e412af2f3865bcf63e3cbc19cb4fe27bebe,14,13.74912,malware
f68b806071c09acfaf6c72edcddf7060d37966b41eee63de752693051613,6,5.987519465,malware
f692a4552feb6a1d7f055653dc0e5918ff50550f292eff14168243ee0b35,7,6.81248417,malware
f69ed3a6c29b439478ce1ae2db44b37c240636349fbc721276235007dd3a,13,12.73454979,malware
f6b9ee2f26dd56d569e1231ad93cd5c21d31e07bc072133bee89a981a990,6,5.987519465,malware
f6bf307017385bfa8dceb82ae52852f7ce418ed5483da3cf30e4999d7de9,10,9.617830978,malware
f6d24d4ce695a6d8cbdf033bc480ce7ad0f28401dd0c41be06aeccb4401e,16,15.82692772,malware
f6eb0eb6fdbb4a1615050f59eb6fae8f999824e5d65ce1a437761fe7be4b,11,10.63585675,malware
f6f9cae987d50d6cf3af47f52e7b1d4b1707d3bbebf56e41e09894821ded,4,3.9477286,malware
f71982ef6a1b41b1f9137035820a6fbf3f78bdd784924f955c3abb9bb657,10,9.839832339,malware
f71c2eedfa7aa0373e0ecc7838866a079f5fca44a3e0659f7f247fd844b1,5,4.607463019,malware
f72051c2765b4443060e3d4a38b878b4a7dc1177b318edd6df94504cf22a,10,9.532761645,malware
f720d6acf7787c38f072a711a527f10433d032353e205bed2994acdda43b,7,6.954822685,malware
f721df8735a5a74bd9a149ecc07f9e232e9b28b361d9f5dd389acf95a4e2,10,9.865556707,malware
f744cefde3f0a20aa32532fa705b05b45533b6506af1d70ed0ec22e8c605,18,17.63038224,malware
f7567e55cf042d9ef34f296aae8f261ad33734254d81022213b1326ed912,1,1.074416998,malware
f75ec9b5530e0261d79e0b24c4c9a4b0dd7856323ddafa18831948b4b148,7,6.676562144,malware
f7630a0879691d700f8f8d7a085c620ccf31b93261f94714f75af0595b4b,11,10.7499413,malware
f765c92543d380e2eb69fe3937c858b4969bff062487d1c20aad75d774f8,9,8.854325392,malware
f76ae823a67bb300c94d530d1eae632b12636922e932f088a41881c6609b,23,22.5987529,malware
f772ccbc2c5637b7e5835e74949b89dc84dfda3c6154d14bde13a5e813fa,18,17.49141747,malware
f797826a255ae241204136c6cd6def68bdde3c489d53157fd8c7328f5f00,23,22.68558349,malware
f7b038b441e051b3bcc6f40964c215f61a3a226ef3a1b8d58a36e135115d,15,14.7513868,malware
f7c36355c706fc9dd8954c096825e0613807e0da4bd7f3de97de0aec0be2,10,9.617830978,malware
f7c3a45710832af9f3d16b32e21aae97d0477dd3c3600105bfcf717e701d,4,3.822534399,malware
f7db99f6ff4a3f4628149ceecc01eb0e06528026c81f712a3a193f5c4728,18,17.63038224,malware
f7dec5a15c65948ed912001a7c8dc6e2c3377cd2a2e36b33a25634695539,20,19.16545888,malware
f7f0800f44edfa9f055f8c71493cd38ea370fc6bc213fb614fab160f8956,12,11.96916978,malware
f7fdf5993f7554396ac12cc01ad2b1413d8f967baf1cc75ef2ac5081d059,8,7.949665218,malware
f817af8391af5b16b93a7b36d856cc2691902e0cacf0275679adca9279e1,3,2.920192422,malware
f82aef3f7976144b504492eca95f00200930a49039095079b3893c3658f8,4,3.822534399,malware
f82f100927d2a8987cb126885f437f9cacb145c0696400026a74d183eccc,5,4.814430445,malware
f8302d1af34dfd0089a2d160b9adf752d6cf392451316b3b5b205c159fc0,18,17.61737969,malware
f847735cb70381b45161f4b0a70ebb28359e91caed9b78eae2f5a4a90112,1,0.632397123,malware
f8778fe4bf85a74a90dc878a833ba45a01f516b04bbaacf398e26c68ff2d,4,3.9477286,malware
f87993e16314934eeca155ba37c72be56f86646abd31e229fdfbe6d2c6db,8,7.660079754,malware
f87c3d5f7032b235a4ab4e0e602d4a21321faedaac6e35db826ba570428a,31,30.42794454,malware
f88055c5cecb92a4f50357c705d55aa7a2d8bfce0d957cc96459394d525f,16,15.69234396,malware
f8828cc883a0e828eb71923393199f126a301929b92ca87658407455a1a4,10,9.839900949,malware
f8990f71d53014ead02e13b4e063291d80dba9892b80843a9ffe007c8164,6,5.573874448,malware
f89d2ab0cd7f16f6be1273fc193d3bfc8e61d92682183b28298918f384a0,7,7.012666455,malware
f8b834f65af176c88a522ee5c08d6e011f5bb4b08c1d6b8c02e8462702b3,8,7.805891679,malware
f8d02fc8c83816ae7be1207de83baf1a3217d94073d2af4c427c7fd62caf,7,6.81248417,malware
f8e1c68f05b65e3b849bc69e8de3f6cc4bd81ddc28e24ed0857e94d1a1f8,10,9.826682234,malware
f8e91ce02e7661391a40a0ce677644747e3f2d0b3e4867b243e7c1a115f4,23,22.68696516,malware
f8ebc4fe8c205169431b5f3d078e992131242adedf47c5cd40e7eb987663,6,5.957343685,malware
f924b3a2932b049fd76c38aec95bac1e4078ac1bebd306acb7d4f1b87991,7,6.81248417,malware
f92710167507ef3bc8ddc3ed23b71fff76b720548b6f0bef3276d40f8b5f,8,7.457175016,malware
f92730e6584e230917f1cdcd8a4ce5cae310316fd85c6c5840d911457172,18,17.63038224,malware
f9448c4606f0eb5734aaf387eaa8502fcc3abc3af1cfb685b5c2caac1859,11,10.73955724,malware
f95f0532ee23bddfceaa0271e822f102039cb627c1b3d2d33de080266ba6,11,10.73535016,malware
f972173a9c71079b5cd22435d92be8189bf68aff376f941dba549d59524b,17,16.47156381,malware
f983e8cdb904ba6e78d3877d97f372c39ecaa89cca0b3ee76806ca82ba47,18,17.61737969,malware
f9843efa4392c850a40721661b77f0efc0c649160000e59205174a00e2ae,3,2.905499133,malware
f98c0ee84df5381bb18d4832d18cfc5915ef37e842064546a0a07caa2bd7,15,14.94866187,malware
f99890cf3619709c4bbb76e263351ea5d5711bbbe42408d359c13ca96ed9,18,17.63038224,malware
f99da1862bf61f7bc848eaa5a2e350375605bef7daa5cba28a3048e2e181,4,3.805843737,malware
f9a57ca11d800dbcecc9042f056e202f697da89d7fd117779ef73af35a85,6,5.83555966,malware
f9cad7c0218f34015aaf37f29a51832e1c23038ada5fc49064227d2dfb7f,1,0.632397123,malware
f9f3ca1e01c128cb21279e2c7db45286d31f05e309bbbf9ad77804a36188,7,6.610408523,malware
f9f69e7ffb8f2ff1c43d8281fa1127991296df7705e44f09b98ba562310b,4,3.9477286,malware
f9fc9c23e81701556bf44fb28e93e9ffc120236ac5de7a40ae954f79a9f5,7,6.920510443,malware
fa0c202328b044ee43f9b338fd398d3b504310cb3e9e909bcaf80a955300,7,6.81248417,malware
fa11dc4a39f494d06d0561c88de034385c71c3e15146d47271957d43cc23,8,7.797033472,malware
fa20ef01bfaeb22c4fa3aa8954507fbcbe8977e05479d61cceb4f1e34d34,18,17.61737969,malware
fa25560e0a611c7dfa46380585de1cd69365a053a8314f5eecb652a3aca4,5,4.814430445,malware
fa266ac8a78e22bd2ad34ca85f5f8d9679e908a8542a59faa07bdd9e6e2b,11,10.71802199,malware
fa3773e9bc5b51dd441942deb42eea9060da1f3f1e8a4d426e4a2c65ddcf,7,6.81248417,malware
fa3eae202c85a96767a4bbd48d10c37979d015de6f7dc21c1d373563d07d,16,15.89889257,malware
fa47827b9f8332e3ac06b8bb38250210778a19c9c5252e91c23791591419,21,20.60572699,malware
fa4820666746182e1ba9b706b7ac9a1706ac3688ad3178c6eba8722003d0,11,10.85781842,malware
fa4d164801b860b08ac8291d3001b8dc131170806ef2783983c2607810ca,17,16.85223113,malware
fa54e145056cb3e9b488b3a820f9378a140fbffd0721be991f40728b17e4,7,6.81248417,malware
fa5d0c455f9891d9ac34bfd679fab34f235712bf3ff64be6887a9e5b017a,9,8.951435292,malware
fa79cc7ff4b438ee604ceb27ba4c894de83eea4ddc1d68ac336f134a5e32,3,2.566395075,malware
fa815951f2eba632912ce63c27a44aaae94799ba703b157ff124de450185,4,4.042125374,malware
fa89f4760b9f04cec82aca5e8b852ecba5316f0bd0dd00606e2431c73f67,13,12.72647847,malware
fa8beb6e22fdb72513a0ed6a704012683575108978ce77cb9ea2dfe9bb58,7,6.81248417,malware
fa8cc1508402bf5d5f4da72ba435f0f45bf29c78f855baceb8eb97439d6c,17,16.69852069,malware
fa8cec0e8927c172c84e343797921bf63bf183896bdf913fe41a810263d8,7,6.610408523,malware
fa8d0ff50986bfd1ee5f2573ac139fdd33a6dfd61dee042afc143aa2b134,10,9.617830978,malware
fa975fff01f12d481d6ab53b14a6c67ae82bc69f6d79d10d24363b16a72c,7,6.81248417,malware
fa9e7a8e8d8aa62738d20bd261e10497b28eeb05dc15b724e15d0a4e8cda,10,9.839832339,malware
faa1ec0f56ec3acc52f573fd162b1a754ae43d0eca8e6022cd230386e3b2,4,3.9477286,malware
faab0b6f8d5b52a4b3387929010b50dc9d6d3e40da9809cde092f1e99003,8,7.660079754,malware
faad7834ba63e4dc9b126d9f7fcb0fe60c0d3e775cd2552709917ab4ec74,11,10.74966315,malware
fac15cd5eb70f44e2d6e2031b4fba108ba27ca00492d6f45f5c505829469,18,17.38469767,malware
fac847e05559c25a2a2caa5ae766f731b1262e381a545c86b00735ffbf23,1,1.009984221,malware
fad7de3e5c6c616f273a074888d820759d3254d228988068452aa612c5d5,11,10.87696773,malware
fadd8276d7e00887f6a5c897d49e1bc935217684f9d124767d6049073ee6,15,14.50877351,malware
fae0a0106628d3bc4ac89f330e01e8c2f43f592800f109db20422966f01e,12,11.77676672,malware
fae5b82a8ddd7c6ea2b417711e7d0ff8ee02244b7ff9980bcdadfb940ec8,10,9.839832339,malware
faf4c2463dffe31d1381d323a339f999f6cbbb580707568a8a7f177512ed,19,18.29288046,malware
fb048e5c4d31f5ce19ac9b15e620cfdf6de47ab23a6711f5cb2cc2993a76,21,20.20842876,malware
fb09d9815d5502ee290f99d66e1712f02903789f2099247b9464d572ce48,12,11.72868157,malware
fb28b80e71f3ead93a3ce827a7c66134cca9a05b3b26550121c7c50948cb,11,10.74966315,malware
fb318155a78f1c0ae785ce85084f9123b9c690e7aec24e34a2c66337a6bd,2,2.052377065,malware
fb407e5e523e4832700188e24e29ccd185973c8732441601d9f4aa74318f,6,5.993291138,malware
fb473219268647aa1c2ae57b09672e05439bb11e5f07b0c0f6e64abd883c,22,21.6871776,malware
fb56dd45db3a965e81ef598409f0a2338b47f5380ab3509381326062d7e5,6,5.81459363,malware
fb8260b2915dfe5611bb6cae16dd095e184315811f471a504ec6e9b7ff53,7,6.610408523,malware
fb93b437e58f11d3fbfad6fa8bba18447288896b49e9f557c0c0c465f0a8,20,19.32873565,malware
fb9bb915790f10ad4c9e8c1b360fc8bfe1b721c3746e68b9bde390a3cec1,12,11.84298657,malware
fb9eddff1cec4b2e64b967d50939957ee56dea172ca8e3c93e78a0d29ffc,21,20.67218126,malware
fbc043f57f226bc88c22232371310e5992f8c768a56738f67da54f2615da,9,8.762875972,malware
fbc17e1a435367a3051616bef460242f9fc592835edc208045094b96cddd,7,6.81248417,malware
fbc96fe471e22da6c219ed0aa42c55a1d14e2bbeff123a73f9f53b6ee9ef,1,0.632397123,malware
fbec4021bbc78a92d11d64b4eca8e17ed87605e422ea0a4be1854c64d7e5,4,3.830264374,malware
fbeca75540ae997403a382596d966e3490c59a8186998712a337a45b92e9,11,10.87696773,malware
fbf03f3dac30d6ffa80bd841111fe29d36def9de685435e182ce12c64f3f,5,5.034828002,malware
fc0bb164998e7a851895a0c20d33c4812d8bed2884d9788c2dc057f8e49d,4,4.002139218,malware
fc1fd7dfda40028df8fa8934ded071788bc7ad4c531ea018588ff12e8d6d,19,18.64073194,malware
fc4c20ee752701b8a55b4179fc37cff3fef6b1334d14539c7f10e92a77c1,4,3.762946002,malware
fc5c044249cc87e6baa865325a281388b6a546ed23e784ec49ea7cd21f67,4,3.705160605,malware
fc5c279587da85a810ef0c65f1c68c529f6dbe55c187e3fee23a4711621c,13,12.590951,malware
fc8dce18cfcd72ff9496e43b1f21b5dce4302b0bd26e0c321d5b04039e23,8,7.780983677,malware
fc90ab15cdd636674bb9536712547384b656b53b00c39e8768ca446b4431,3,2.574145895,malware
fc9b45654c726c35ef39d5e2853a57d9987a7c9027886cfd3763f0e1be7a,7,6.81248417,malware
fca4e19344883ab94c6ac8a45a1d93f3a06920028d2aa660bfb217b5aabb,12,11.84298657,malware
fcac1e2e1a6dfeea0f5e73b445f01dccd62b22a496228ad9a75df748c0f4,12,11.87572375,malware
fcbd2ff7284b826faef2ef2a7c1d61f1f8ba1b87cfbc8ac9a402169bbb2f,9,8.709749929,malware
fcc2a64c56ee11f73bcd4f9d641c879e2e477d657a04681d630a03bd79b9,24,23.30476633,malware
fce6ae32f9c2157b7336f166fed40909b174f1933cfeb12bf2c569e5d7bf,4,3.942640372,malware
fcee8c026329f666f7c34daa78efc7bd697186e079b37f56caf774ca0041,5,4.913783379,malware
fcf3ec72ea56683d335b8526cf4739e6b7e132a22da84d233a2355b0d628,1,0.632397123,malware
fcfa93828cbc86fa9988842e7f49ef967042413863c73e2938e24ee7c673,10,9.870543926,malware
fd0550f23d61a11050b990c06ef84a869dc1893c0fa211b19c48be5f6bed,5,4.814430445,malware
fd08cb6e2c865af562e7ea171ede7a9d1165a189bb305f9f7102d58e7dd6,7,6.610408523,malware
fd0a14e59bf37115e14d1432ac534f2c7a2bb535bff339a980c35138748b,14,13.79795287,malware
fd0cf762c8eac4b7ef2c31aabcaeffaa1387ee96498c65f4fe60b1ea5b8b,17,16.64203064,malware
fd0eccda9d8ee948c8f72c68e3d72f7e6bf2043e7bdb7213e6c6a6c29110,1,1.074416998,malware
fd118a4b4ea3b678beee1a1e55a520c63df26c82af52ebd3deeeb8c040aa,10,9.754322918,malware
fd15ed8c38659093c5ddd2471dbcf9921edf7bbed510ac851a55666a96b6,2,2.052377065,malware
fd1e80e7e7ce9e684ad91497fb69db86e8c278fce4c693f356b02d312ecf,6,5.957343685,malware
fd25d9e900e18eccdec93d843be374446274c8ace7a2a7de8e83697e933e,18,17.61737969,malware
fd3c03af16b449de0357334ab9d9fa41106da4a7e17966782cf2d01665d8,17,16.86003794,malware
fd415b3a3fd4a92cfa52d5b4e54658ee23ab3ac0657be92a39619c140cce,20,19.32873565,malware
fd4daadb586adf4b5e88b89033acefa2c124ac7dbb8df9c72758f030966a,17,16.5983311,malware
fd645f09498a276989d05c45e4c68aa896d7b108f875eb4d2ed0d64c51cb,7,6.81248417,malware
fd666cd9c14fefdb283ab3e14403caebc7c26f511a0938041768d5cc5725,8,7.905900232,malware
fd72b6fb08e30033af6712f487dee204eaae751f4e1936f712e6b1160288,5,4.879710224,malware
fd741b5e853ddf8c013a3ec4014f0c6857b71db87309c754b4d87305102e,5,4.983026513,malware
fd743672c95ad558086c799c249811c57463b4cd5b7d2c3610302d68fd6b,13,12.72647847,malware
fd75a8a763039d898c84fed86c1201d682afe711676493455b4c2858a741,5,4.282755593,malware
fd9bf01acd3d12ded72fe960af150cf0ceb61c56823825fe398f26f88490,5,4.341145854,malware
fdb3c0eec71332c007fc44d5a5fe74b555dce5b5246126ecd816ce383bff,7,6.886773605,malware
fdcbff70e0c65ccdd16b396b4276a343ac4f66842e3f87614e42785e4ef1,24,23.60079726,malware
fdd9ad2030c1c20d99f9ad97d6f49ba10175ef5b6ef84143501b433554c5,1,0.632397123,malware
fde6efaccc7d640651a13f4b67590ae8782317343e32a751e44bf2cf53e8,13,12.590951,malware
fdeb6932d87e3fe4a72efd1219b211b78d9dc9d4467067c65134376698da,11,10.83042211,malware
fded1ec2d17f957b230feb5fff518ec98322a1617e4e28953ff38270cb16,7,6.817148347,malware
fe09ecd6ae77581770f6614b8c489cc8d81fba53d5f4256129ced1fd5e28,4,3.889967891,malware
fe1b0a59d0039683d007de6a1851b08c34a8dfd76765ec9d9388cbb670d6,1,1.074416998,malware
fe1cce4b13f3ebb4e700f790acbd66e0ff1bd9bf664c2df52605f1248cf0,16,15.76561056,malware
fe3a6f2d4cdf1fcdc8c0653f7bc2e09d1e90ef17ecab1e56837b5bf9965c,11,10.4346844,malware
fe3ca0f803afaf7e22c368face0b6fac45ca47d07921e3725b524ac8bc0e,6,5.723985165,malware
fe3e8ee99c3144999d464eb1e43405cb6faa9717c4ce4be010e09007fcdd,16,15.69103399,malware
fe5ab57d32cc043d895520015cf9b9de60b64289ea91982a0909abeb5514,9,8.395672318,malware
fe5b4a131ee05e84c4856bb5c7c851ea3cf718247007f19b12e1680b7019,20,19.32873565,malware
fe5fe15cde9f9271c31e686582307a2f3bad8f09aafdee942a5d3497107a,16,15.82126864,malware
fe662989c64cf88e32c0a234ff5f126cfe87096164a1f941cd7d03ecf39a,8,7.967190243,malware
fe78b776152ecc4d8dbc4afcce6b31e32580f69f2ddd418ea4a2356a0dbc,7,6.81248417,malware
fe84eb3bffc812e11d409dadaea62c1efe863c020065a4f442d0c2c265bd,23,22.65282415,malware
fe8e99a5d0577691d3db5a6b1ed8d578bc21ee66d18164360c03d0516926,8,7.843804712,malware
fe97b71b51fdff25703077e8908847089f11371b4aca511756327f8fc343,5,5.021941446,malware
fe98a9b6d1acf4e2b52caf0015e90b9fab856b0c0aa581d526f3d2951b2f,7,6.839200341,malware
fea3c2decbb7d596aab0bdfae1a761a2d291b5fc19d4bb9fe41373ded47f,7,6.610408523,malware
fea46b991781fec40da2e04e5fb476f6d1ab85304953267d813c3612f5bf,16,15.38973115,malware
fea4dd75dfc4bfe279faf0b7675c48166ecac57bc8e8436c277a6da20582,7,6.676562144,malware
febd1590e0445d8ae1f98457251be75188bfbf08d84ef82e461aa2feb436,6,5.578483691,malware
fec3d2d7b78b9be9b49714cd8df33f9c1b0a1cde25e53b6e97cc6bc03ffa,1,0.632397123,malware
fed55fcbff65ae07926522549d166438e7ff7bfa175fe0ddb5d50ce421d0,9,8.867525692,malware
fede2b107cb4bb4c8d51e520324b78a56cf5f8e0f1bb6e2aa433d9cbb8a6,10,9.839832339,malware
ff0b5e588f1c41f7e6b51d3d6f815bdb52636710569229e895ddcdd43b45,6,5.935773927,malware
ff2bef8912ccd5cee93dc8c6fb4be2b142e790a30689afedb32ecb665ad1,15,14.620144,malware
ff2db1fa521b2d5aed855e35bc01ea8cfc69693c591186d9b3427a6efd0b,4,3.9477286,malware
ff312be2361820e61a211adeefc56e8be9486deda559242d73a27ed73131,23,22.5987529,malware
ff39b7c56d5db6d32c013231ea1931087ae89674569ad2291eb1bd2e7b00,7,6.698663071,malware
ff413ccf6db3f8838ba73e9fa633ca5f035c7738f1b94cee7b7b925ed08e,18,17.61737969,malware
ff75acdf4ca095b8399824f1cdc67c161988db23ff6c16882eb914425b2f,9,8.709749929,malware
ff80058c4f1c2f0f1edaa4f51dfd9759c5ef421153f343e554f4a5622941,7,6.817148347,malware
ff80e88f88537e68efb0b9a89e3ceb86a5d6d70118f5b2b1bc40271fc13a,4,3.805843737,malware
ff931b68035ec4a3c943ed9f6cda6ea5d77d652c2f35fd06763d75afa7ce,20,19.16545888,malware
ffa492afef9e3f7061af0735e6ac17e84561531fb71b7eb5b541d6fefbcd,1,0.632397123,malware
ffbd2c7ac562d6907c7f931bdcd4acf9dada03d4173e5b088b201fa9712f,18,17.61737969,malware
ffd0ebd386407c346fd6f9ec2f797405cf228c4b66089e40f5c15062155b,18,17.49141747,malware
ffd5efd46b2b861b8b11e71c6ba00ea891c854029ebb407500c38aed86e9,3,2.984931242,malware
fff29f78324c75c8727426d77b128d3ee9df7ba6a1f0be1617be3430ed99,9,8.773428079,malware
